slug,parent,title,filepath,target_user,goal,status,post_type,seo_title,seo_keywords,seo_description,handson_overview
home,,Claude Code完全ガイド,contents/home.md,初学者,"Claude Code完全ガイドサイトのホームページとして、Claude Codeの概要と主要コンテンツへのナビゲーションを提供し、ユーザーが目的に応じたコンテンツにアクセスできるようにする",not_started,pages,"Claude Code完全ガイド | AIコーディングツールの包括的学習リソース","Claude Code, AIコーディング, 開発効率化, 技術ドキュメント, 学習ガイド","Claude Codeを学ぶための包括的な技術ドキュメンテーションサイト。初心者から上級者まで、段階的に学習できる実践的なガイドとケーススタディを提供します。",不要
getting-started,,入門・セットアップ,contents/getting-started/getting-started.md,初学者,"Claude Codeの導入を検討するユーザーに対して、基本概念から環境構築まで体系的に学習できる入口を提供し、安心してClaude Codeを始められるようにする",not_started,pages,"Claude Code入門・セットアップガイド | 初心者向け完全マニュアル","Claude Code 入門, セットアップ, インストール, 初心者ガイド, 環境構築","Claude Code学習の第一歩。基本概念の理解からインストール、初期設定まで、初心者が迷わずに始められる包括的なセットアップガイドです。",不要
overview,getting-started,Claude Code概要,contents/getting-started/overview/overview.md,初学者,"Claude Codeの基本概念と価値提案を理解してもらい、他のAIツールとの違いや導入メリットを明確にすることで、学習継続のモチベーションを高める",not_started,pages,"Claude Code概要 | AIコーディングツールの特徴と価値提案","Claude Code 概要, 特徴, 価値提案, AIツール比較, 導入メリット","Claude Codeとは何か、他のAIコーディングツールとの違い、導入によるメリットとROIを詳しく解説。技術選定の判断材料となる包括的な概要ガイドです。",不要
what-is-claude-code,overview,Claude Codeとは何か,contents/getting-started/overview/what-is-claude-code.md,初学者,"Claude Codeの基本的な定義と機能を理解してもらい、AIコーディングツールとしての位置づけを明確にする",not_started,pages,"Claude Codeとは何か | AIコーディングエージェントの基本解説","Claude Code とは, AIコーディング, エージェント型ツール, 自然言語プログラミング","Claude Codeの基本的な定義と機能を初心者向けに解説。AIコーディングエージェントとしての特徴と従来の開発ツールとの違いを分かりやすく説明します。","Claude Codeの基本コマンドを体験し、簡単なコード生成を行う基本操作の確認"
comparison-with-ai-tools,overview,他のAIツールとの比較,contents/getting-started/overview/comparison-with-ai-tools.md,意思決定者,"Claude CodeとGitHub Copilot、Cursor等の競合ツールとの違いを明確にし、適切な技術選定の判断材料を提供する",not_started,pages,"Claude Code vs 他のAIツール比較 | 技術選定の決定版ガイド","Claude Code 比較, GitHub Copilot, Cursor, AIツール比較, 技術選定","Claude CodeとGitHub Copilot、Cursor、Windsurf等の主要AIコーディングツールとの詳細比較。機能、料金、適用場面の違いを技術責任者向けに解説します。","各AIツールの実際の動作を比較検証するハンズオン形式での機能比較"
introduction-benefits-roi,overview,導入メリット・ROI,contents/getting-started/overview/introduction-benefits-roi.md,意思決定者,"Claude Code導入による具体的なメリットとROIを定量的に示し、投資判断の根拠を提供する",not_started,pages,"Claude Code導入メリット・ROI分析 | 投資対効果の定量評価","Claude Code ROI, 導入メリット, 投資対効果, 開発効率化, コスト削減","Claude Code導入による開発時間短縮、品質向上、コスト削減効果を定量的に分析。実際のプロジェクト事例に基づくROI計算方法と投資判断の指標を提供します。","ROI計算シミュレーターを使用したコスト効果分析の実践"
system-requirements,overview,システム要件,contents/getting-started/overview/system-requirements.md,実践者,"Claude Code導入に必要なシステム要件を明確にし、事前準備を適切に行えるようにする",not_started,pages,"Claude Codeシステム要件 | 動作環境と前提条件","Claude Code システム要件, 動作環境, 必要スペック, 互換性, 前提条件","Claude Code導入に必要なシステム要件を詳細解説。OS別の動作環境、必要なソフトウェア、ハードウェアスペック、ネットワーク要件を網羅的に説明します。","システム要件チェックリストを使用した環境確認手順"
installation,getting-started,インストールガイド,contents/getting-started/installation/installation.md,初学者,"Claude Codeのインストール手順をOS別に詳しく解説し、初心者でも確実にセットアップできるようにする",not_started,pages,"Claude Codeインストールガイド | OS別詳細手順書","Claude Code インストール, セットアップ, npm, Node.js, 環境構築","Claude CodeのインストールをOS別に詳しく解説。Node.js環境の準備からnpmインストール、認証設定まで、初心者向けのステップバイステップガイドです。",不要
macos-installation,installation,macOS版インストール,contents/getting-started/installation/macos-installation.md,初学者,"macOS環境でのClaude Code具体的なインストール手順を提供し、macOSユーザーが安心してセットアップできるようにする",not_started,pages,"Claude Code macOS版インストール | Mac環境での詳細手順","Claude Code macOS, Mac インストール, Homebrew, ターミナル設定","macOS環境でのClaude Code詳細インストール手順。Homebrewを使ったNode.js導入からターミナル設定、権限問題の対処まで、Mac特有の手順を詳しく解説します。","macOSでのNode.js環境構築からClaude Codeインストール、初回起動までの実際の手順を実行"
windows-installation,installation,Windows版インストール,contents/getting-started/installation/windows-installation.md,初学者,"Windows環境でのClaude Code具体的なインストール手順を提供し、WindowsユーザーがWSL環境も含めて適切にセットアップできるようにする",not_started,pages,"Claude Code Windows版インストール | Windows・WSL環境対応","Claude Code Windows, WSL インストール, PowerShell, 環境変数","Windows環境でのClaude Code詳細インストール手順。PowerShellでの実行からWSL環境での設定、環境変数の設定まで、Windows特有の課題と解決法を詳しく解説します。","WindowsとWSL両環境でのClaude Codeセットアップと動作確認"
linux-installation,installation,Linux版インストール,contents/getting-started/installation/linux-installation.md,実践者,"Linux環境でのClaude Code具体的なインストール手順を提供し、サーバー環境での運用も含めて適切にセットアップできるようにする",not_started,pages,"Claude Code Linux版インストール | Ubuntu・CentOS対応ガイド","Claude Code Linux, Ubuntu インストール, CentOS, サーバー環境","Linux環境でのClaude Code詳細インストール手順。Ubuntu、CentOS等のディストリビューション別設定からサーバー環境での運用設定まで包括的に解説します。","主要Linuxディストリビューションでのインストールと動作確認"
authentication-setup,installation,認証設定,contents/getting-started/installation/authentication-setup.md,実践者,"Claude Codeの認証設定を適切に行い、セキュアな環境でツールを利用開始できるようにする",not_started,pages,"Claude Code認証設定ガイド | APIキー・アカウント連携","Claude Code 認証, APIキー, アカウント連携, セキュリティ設定","Claude Codeの認証設定を詳しく解説。APIキーの取得・設定からアカウント連携、セキュリティベストプラクティスまで、安全な利用のための包括的ガイドです。","APIキー取得から認証設定、接続テストまでの実際の設定手順"
update-procedures,installation,アップデート手順,contents/getting-started/installation/update-procedures.md,実践者,"Claude Codeを最新バージョンに適切にアップデートし、機能拡張や不具合修正の恩恵を受けられるようにする",not_started,pages,"Claude Codeアップデート手順 | バージョン管理とメンテナンス","Claude Code アップデート, バージョン管理, npm update, メンテナンス","Claude Codeのアップデート手順を詳しく解説。バージョン確認からアップデート実行、設定移行、トラブル対処まで、安全なメンテナンス方法を提供します。","バージョン確認からアップデート実行、動作確認までの一連の手順"
basic-tutorial,getting-started,基本操作チュートリアル,contents/getting-started/basic-tutorial/basic-tutorial.md,初学者,"Claude Codeの基本操作を段階的に学習し、日常的な開発業務で活用できる基礎スキルを身につける",not_started,pages,"Claude Code基本操作チュートリアル | 初心者向け実践ガイド","Claude Code 基本操作, チュートリアル, コマンド入門, 実践ガイド","Claude Codeの基本操作を実践的に学習。コマンド入門からファイル操作、コード生成まで、初心者が段階的にスキルを身につけられるチュートリアルです。",不要
first-startup-setup,basic-tutorial,初回起動と設定,contents/getting-started/basic-tutorial/first-startup-setup.md,初学者,"Claude Codeの初回起動時の設定を適切に行い、スムーズに利用開始できるようにする",not_started,pages,"Claude Code初回起動設定 | セットアップ完了ガイド","Claude Code 初回起動, 初期設定, セットアップ, プロジェクト設定","Claude Code初回起動時の詳細設定手順。プロジェクト設定からワークスペース設定、基本設定の最適化まで、効果的な利用のための初期設定ガイドです。","初回起動からプロジェクト設定、基本設定の確認までの実際の操作"
basic-commands-intro,basic-tutorial,基本コマンド入門,contents/getting-started/basic-tutorial/basic-commands-intro.md,初学者,"Claude Codeの基本的なコマンドを理解し、簡単なタスクを実行できるようになる",not_started,pages,"Claude Code基本コマンド入門 | 必須コマンド完全ガイド","Claude Code コマンド, 基本操作, /ask, /dev, コマンド入門","Claude Codeの基本コマンドを詳しく解説。/ask、/dev等の必須コマンドから効果的な使い分けまで、初心者向けの実践的コマンドガイドです。","基本コマンドを使った簡単なコード生成と修正作業の実践"
file-operations-basics,basic-tutorial,ファイル操作の基礎,contents/getting-started/basic-tutorial/file-operations-basics.md,初学者,"Claude Codeでのファイル操作の基本を理解し、効率的なファイル管理とコード編集ができるようになる",not_started,pages,"Claude Codeファイル操作基礎 | 効率的なファイル管理術","Claude Code ファイル操作, ファイル管理, コンテキスト指定, ワークスペース","Claude Codeでのファイル操作基礎を詳しく解説。ファイルコンテキストの指定からワークスペース活用まで、効率的なファイル管理の方法を実践的に説明します。","複数ファイルを対象とした編集作業とコンテキスト管理の実践"
simple-code-generation,basic-tutorial,簡単なコード生成,contents/getting-started/basic-tutorial/simple-code-generation.md,初学者,"Claude Codeを使った基本的なコード生成を体験し、AIアシスタントの価値を実感できるようにする",not_started,pages,"Claude Code簡単なコード生成 | 初心者向け実践例","Claude Code コード生成, プログラミング支援, AI開発, 実践例","Claude Codeを使った簡単なコード生成を実践的に学習。関数作成からクラス実装まで、初心者でも理解できる具体例で開発支援の価値を体験できます。","簡単な関数やクラスの生成から、実際のプロジェクトでの活用例まで段階的に実践"
common-initial-issues,basic-tutorial,よくある初期設定の問題,contents/getting-started/basic-tutorial/common-initial-issues.md,初学者,"Claude Code利用開始時によく発生する問題と解決法を提供し、スムーズな学習継続をサポートする",not_started,pages,"Claude Codeよくある初期問題と解決法 | トラブルシューティング","Claude Code トラブル, 初期問題, エラー解決, 設定問題, FAQ","Claude Code利用開始時によく発生する問題とその解決法を詳しく解説。認証エラーから動作不良まで、初心者が遭遇しやすいトラブルの対処法を提供します。","典型的な問題の再現と解決手順の実践的な確認"
initial-setup,getting-started,初回設定完全ガイド,contents/getting-started/initial-setup/initial-setup.md,実践者,"Claude Codeの初回設定を包括的に行い、プロジェクトやチームでの効果的な利用基盤を構築する",not_started,pages,"Claude Code初回設定完全ガイド | プロジェクト・チーム設定","Claude Code 初回設定, プロジェクト設定, チーム設定, 設定最適化","Claude Codeの初回設定を包括的に解説。CLAUDE.mdファイルの設定からプロジェクト固有設定、チーム設定まで、効果的な利用のための完全設定ガイドです。",不要
claude-md-setup,initial-setup,CLAUDE.mdファイルの設定,contents/getting-started/initial-setup/claude-md-setup.md,実践者,"CLAUDE.mdファイルを適切に設定し、プロジェクト固有のコンテキストと指示を効果的に活用できるようにする",not_started,pages,"CLAUDE.mdファイル設定ガイド | プロジェクトコンテキスト最適化","CLAUDE.md, プロジェクト設定, コンテキスト, 指示文書, 設定ファイル","CLAUDE.mdファイルの効果的な設定方法を詳しく解説。プロジェクトコンテキストの記述からルール設定まで、開発効率を最大化する設定テクニックを提供します。","実際のプロジェクトでCLAUDE.mdファイルを作成し、効果を確認する実践"
project-specific-settings,initial-setup,プロジェクト固有設定,contents/getting-started/initial-setup/project-specific-settings.md,実践者,"プロジェクトの特性に応じたClaude Codeの設定を行い、開発効率を最大化する",not_started,pages,"Claude Codeプロジェクト固有設定 | 開発効率最大化の設定術","Claude Code プロジェクト設定, カスタマイズ, 開発効率, 設定最適化","プロジェクトの特性に応じたClaude Codeの詳細設定方法。技術スタック別の設定からコーディング規約の反映まで、開発効率を最大化する設定テクニックを解説します。","プロジェクトタイプ別の設定例を実際に適用し、効果を測定"
team-settings,initial-setup,チーム設定,contents/getting-started/initial-setup/team-settings.md,意思決定者,"チーム全体でClaude Codeを効果的に活用するための設定と運用ルールを確立する",not_started,pages,"Claude Codeチーム設定ガイド | 組織的活用の基盤構築","Claude Code チーム設定, 組織導入, 運用ルール, 標準化","チーム全体でClaude Codeを効果的に活用するための設定と運用方法。標準設定の策定から知識共有の仕組みまで、組織的な導入を成功させる包括的ガイドです。","チーム設定テンプレートの作成と運用ルールの策定実践"
security-settings,initial-setup,セキュリティ設定,contents/getting-started/initial-setup/security-settings.md,意思決定者,"Claude Codeを安全に利用するためのセキュリティ設定を適切に行い、企業環境での利用リスクを最小化する",not_started,pages,"Claude Codeセキュリティ設定 | 企業利用の安全対策","Claude Code セキュリティ, 企業利用, データ保護, プライバシー設定","Claude Codeを企業環境で安全に利用するためのセキュリティ設定。データ保護からアクセス制御まで、セキュリティリスクを最小化する包括的な対策ガイドです。","セキュリティ設定チェックリストを使用した安全性確認手順"
practical-techniques,,実践テクニック,contents/practical-techniques/practical-techniques.md,実践者,"Claude Codeを業務で効果的に活用するための実践的なテクニックとベストプラクティスを提供し、開発効率を大幅に向上させる",not_started,pages,"Claude Code実践テクニック | 業務効率化の完全ガイド","Claude Code 実践, ベストプラクティス, 業務効率化, プロンプト設計, ワークフロー","Claude Codeを業務で効果的に活用するための実践テクニック。ベストプラクティスからプロンプト設計、ワークフロー最適化まで、開発効率を大幅に向上させる手法を解説します。",不要
best-practices,practical-techniques,ベストプラクティス集,contents/practical-techniques/best-practices/best-practices.md,実践者,"Claude Code利用における効果的なベストプラクティスを提供し、品質と効率を両立した開発を実現する",not_started,pages,"Claude Codeベストプラクティス集 | 効果的活用の指針","Claude Code ベストプラクティス, 開発効率, 品質向上, 活用指針","Claude Code利用における効果的なベストプラクティスを体系的に解説。コード品質向上から開発効率化まで、実践で培われた有効な手法とパターンを提供します。",不要
effective-prompt-design,best-practices,効果的なプロンプト設計,contents/practical-techniques/best-practices/effective-prompt-design.md,実践者,"効果的なプロンプト設計技法を習得し、Claude Codeから期待する結果を得られるようになる",not_started,pages,"効果的なプロンプト設計 | Claude Code活用の核心技術","プロンプト設計, 効果的指示, Claude Code プロンプト, AI対話技術","Claude Codeで効果的な結果を得るためのプロンプト設計技法。明確な指示の書き方から文脈の活用まで、AIとの対話を最適化する実践的手法を詳しく解説します。","様々なプロンプトパターンを実際に試し、効果的な指示方法を体験"
context-management,best-practices,コンテキスト管理手法,contents/practical-techniques/best-practices/context-management.md,実践者,"大規模プロジェクトでのコンテキスト管理を効率的に行い、一貫性のある開発を実現する",not_started,pages,"Claude Codeコンテキスト管理手法 | 大規模開発の成功法","コンテキスト管理, CLAUDE.md, プロジェクト管理, 大規模開発","大規模プロジェクトでのコンテキスト管理を効率的に行う手法。CLAUDE.mdファイルの活用から文脈の引き継ぎまで、一貫性のある開発を実現する実践的技法を解説します。","大規模プロジェクトでのコンテキスト管理戦略の設計と実装"
quality-management-review,best-practices,品質管理とレビュー,contents/practical-techniques/best-practices/quality-management-review.md,実践者,"Claude Code生成コードの品質管理とレビュープロセスを確立し、高品質なコードベースを維持する",not_started,pages,"Claude Code品質管理とレビュー | 高品質コード維持の技法","品質管理, コードレビュー, 品質保証, レビュープロセス, AI生成コード","Claude Code生成コードの品質管理とレビューの実践的手法。レビューポイントから品質チェックリストまで、高品質なコードベースを維持するプロセスを詳しく解説します。","コードレビューチェックリストの作成とレビュープロセスの実践"
performance-optimization,best-practices,パフォーマンス最適化,contents/practical-techniques/best-practices/performance-optimization.md,実践者,"Claude Code利用時のパフォーマンスを最適化し、効率的な開発環境を構築する",not_started,pages,"Claude Codeパフォーマンス最適化 | 効率的開発環境の構築","パフォーマンス最適化, 動作効率, レスポンス改善, 環境最適化","Claude Code利用時のパフォーマンスを最適化する実践的手法。レスポンス改善から環境設定まで、効率的な開発環境を構築するテクニックを詳しく解説します。","パフォーマンス測定と最適化設定の実践的な検証"
security-considerations,best-practices,セキュリティ考慮事項,contents/practical-techniques/best-practices/security-considerations.md,意思決定者,"Claude Code利用時のセキュリティリスクを理解し、安全な運用体制を構築する",not_started,pages,"Claude Codeセキュリティ考慮事項 | 安全運用の完全ガイド","セキュリティ, 安全運用, リスク管理, データ保護, 企業利用","Claude Code利用時のセキュリティ考慮事項を包括的に解説。データ保護からアクセス制御まで、企業環境での安全な運用を実現するセキュリティガイドです。","セキュリティ要件の策定とリスクアセスメントの実践"
prompt-design-patterns,practical-techniques,プロンプト設計パターン,contents/practical-techniques/prompt-design-patterns/prompt-design-patterns.md,実践者,"効果的なプロンプト設計パターンを習得し、様々な開発シナリオで最適な結果を得られるようになる",not_started,pages,"Claude Codeプロンプト設計パターン | 実践的パターン集","プロンプトパターン, 設計手法, テンプレート, AI対話, 実践技法","Claude Codeで効果的な結果を得るためのプロンプト設計パターン集。様々な開発シナリオに対応した実践的なパターンとテンプレートを体系的に解説します。",不要
few-shot-prompting,prompt-design-patterns,Few-shotプロンプティング,contents/practical-techniques/prompt-design-patterns/few-shot-prompting.md,実践者,"Few-shotプロンプティング技法を習得し、少ない例示で高品質な結果を得られるようになる",not_started,pages,"Few-shotプロンプティング | 効率的な例示学習技法","Few-shot, プロンプティング, 例示学習, AI指導, 効率化","Few-shotプロンプティングの実践的活用法。少ない例示で高品質な結果を得る技法から効果的な例の選び方まで、効率的な指導方法を詳しく解説します。","Few-shotプロンプトの設計と効果検証の実践"
chain-of-thought-prompt,prompt-design-patterns,Chain-of-thoughtプロンプト,contents/practical-techniques/prompt-design-patterns/chain-of-thought-prompt.md,実践者,"Chain-of-thoughtプロンプト技法を活用し、複雑な問題の段階的解決を実現する",not_started,pages,"Chain-of-thoughtプロンプト | 段階的思考の活用法","Chain-of-thought, 思考プロセス, 段階的解決, 複雑問題, プロンプト技法","Chain-of-thoughtプロンプトの実践的活用法。複雑な問題を段階的に解決する思考プロセスの設計から実装まで、効果的な問題解決手法を詳しく解説します。","複雑な開発課題をChain-of-thoughtで解決する実践"
task-specific-prompts,prompt-design-patterns,タスク特化型プロンプト,contents/practical-techniques/prompt-design-patterns/task-specific-prompts.md,実践者,"特定のタスクに最適化されたプロンプトを設計し、専門領域での効果を最大化する",not_started,pages,"タスク特化型プロンプト | 専門領域での最適化技法","タスク特化, 専門プロンプト, ドメイン最適化, 特化設計","特定のタスクに最適化されたプロンプト設計手法。開発領域別の専門プロンプトから業務特化の設計まで、専門領域での効果を最大化する実践的技法を解説します。","開発タスク別の特化プロンプト設計と効果測定"
error-handling-prompts,prompt-design-patterns,エラー処理プロンプト,contents/practical-techniques/prompt-design-patterns/error-handling-prompts.md,実践者,"エラー処理に特化したプロンプト設計を習得し、トラブル対応の効率を向上させる",not_started,pages,"エラー処理プロンプト | トラブル対応効率化の技法","エラー処理, トラブル対応, デバッグ支援, エラー解決, プロンプト活用","エラー処理に特化したプロンプト設計の実践的手法。デバッグ支援からトラブル診断まで、エラー対応の効率を大幅に向上させる専門的なプロンプト技法を解説します。","エラー診断・解決支援プロンプトの設計と活用実践"
domain-specific-prompts,prompt-design-patterns,ドメイン特化プロンプト,contents/practical-techniques/prompt-design-patterns/domain-specific-prompts.md,実践者,"業界・技術領域に特化したプロンプトを設計し、専門知識を活用した高度な開発支援を実現する",not_started,pages,"ドメイン特化プロンプト | 業界専門知識の活用法","ドメイン特化, 業界知識, 専門領域, 技術特化, プロンプト設計","業界・技術領域に特化したプロンプト設計の実践手法。金融、医療、IoT等の専門分野での活用から業界固有の課題解決まで、専門知識を活用した開発支援を実現します。","業界特化プロンプトライブラリの構築と活用実践"
workflow-optimization,practical-techniques,ワークフロー最適化,contents/practical-techniques/workflow-optimization/workflow-optimization.md,実践者,"Claude Codeを開発ワークフローに統合し、チーム全体の開発効率を大幅に向上させる",not_started,pages,"Claude Codeワークフロー最適化 | 開発効率革命の実現","ワークフロー最適化, 開発効率, チーム連携, プロセス改善, 統合手法","Claude Codeを開発ワークフローに効果的に統合する手法。チーム連携からプロセス自動化まで、開発効率を革命的に向上させる包括的な最適化手法を解説します。",不要
development-flow-integration,workflow-optimization,開発フロー統合,contents/practical-techniques/workflow-optimization/development-flow-integration.md,実践者,"Claude Codeを既存の開発フローに統合し、シームレスな開発環境を構築する",not_started,pages,"Claude Code開発フロー統合 | シームレス開発環境の構築","開発フロー, 統合手法, ワークフロー, シームレス開発, プロセス統合","Claude Codeを既存の開発フローに効果的に統合する実践的手法。要件定義から本番リリースまで、シームレスな開発環境を構築する統合戦略を詳しく解説します。","既存開発フローへのClaude Code統合計画の策定と実装"
git-integration-workflow,workflow-optimization,Git連携ワークフロー,contents/practical-techniques/workflow-optimization/git-integration-workflow.md,実践者,"Claude CodeとGitを効果的に連携させ、バージョン管理を最適化した開発フローを実現する",not_started,pages,"Claude Code Git連携ワークフロー | バージョン管理最適化","Git連携, バージョン管理, ワークフロー, ブランチ戦略, コミット最適化","Claude CodeとGitの効果的な連携手法。ブランチ戦略からコミット最適化まで、バージョン管理を活用した効率的な開発ワークフローを実現する実践的手法を解説します。","Git連携ワークフローの設計と運用ルールの策定実践"
test-driven-development,workflow-optimization,テスト駆動開発（TDD）,contents/practical-techniques/workflow-optimization/test-driven-development.md,実践者,"Claude CodeをTDD開発に活用し、高品質なコード開発を効率的に実現する",not_started,pages,"Claude Code TDD活用法 | テスト駆動開発の効率化","TDD, テスト駆動開発, 品質保証, テスト自動化, 開発手法","Claude CodeをTDD（テスト駆動開発）に効果的に活用する手法。テスト設計からコード実装まで、高品質な開発を効率的に実現するTDD実践ガイドです。","TDDサイクルでのClaude Code活用と品質向上の実践"
code-review-automation,workflow-optimization,コードレビュー自動化,contents/practical-techniques/workflow-optimization/code-review-automation.md,実践者,"Claude Codeを活用してコードレビューを自動化し、レビュー品質と効率を向上させる",not_started,pages,"Claude Codeコードレビュー自動化 | レビュー品質革命","コードレビュー, 自動化, 品質向上, レビュー効率, 静的解析","Claude Codeを活用したコードレビュー自動化の実践手法。レビューポイント自動抽出から品質チェックまで、レビュー品質と効率を大幅に向上させる革新的手法を解説します。","自動コードレビューシステムの構築と運用実践"
documentation-automation,workflow-optimization,ドキュメント自動生成,contents/practical-techniques/workflow-optimization/documentation-automation.md,実践者,"Claude Codeを活用してドキュメント作成を自動化し、常に最新の高品質ドキュメントを維持する",not_started,pages,"Claude Codeドキュメント自動生成 | 最新ドキュメント維持の技法","ドキュメント自動生成, API文書, コメント生成, 技術文書, メンテナンス","Claude Codeを活用したドキュメント自動生成の実践手法。API文書からコードコメントまで、常に最新の高品質ドキュメントを自動維持する効率的手法を解説します。","自動ドキュメント生成システムの構築と継続的更新の実践"
troubleshooting,practical-techniques,トラブルシューティング,contents/practical-techniques/troubleshooting/troubleshooting.md,実践者,"Claude Code利用時のトラブルを効率的に解決し、安定した開発環境を維持する",not_started,pages,"Claude Codeトラブルシューティング | 問題解決の完全ガイド","トラブルシューティング, 問題解決, エラー対応, 障害対応, 安定運用","Claude Code利用時のトラブルを効率的に解決する包括的ガイド。よくある問題から高度な障害まで、安定した開発環境を維持するための実践的解決手法を提供します。",不要
common-errors-solutions,troubleshooting,よくあるエラーと解決法,contents/practical-techniques/troubleshooting/common-errors-solutions.md,実践者,"Claude Code利用時によく発生するエラーの原因と解決法を理解し、迅速な問題解決を実現する",not_started,pages,"Claude Codeよくあるエラーと解決法 | 迅速問題解決ガイド","エラー解決, 問題診断, 障害対応, FAQ, 解決事例","Claude Code利用時によく発生するエラーの詳細な解決法。認証エラーから動作不良まで、実際のエラー事例と効果的な解決手順を体系的に整理したガイドです。","典型的エラーの再現と解決手順の実践的確認"
performance-issues-diagnosis,troubleshooting,パフォーマンス問題診断,contents/practical-techniques/troubleshooting/performance-issues-diagnosis.md,実践者,"Claude Codeのパフォーマンス問題を効率的に診断し、最適な解決策を実装する",not_started,pages,"Claude Codeパフォーマンス問題診断 | 最適化診断技法","パフォーマンス診断, 動作改善, レスポンス最適化, 問題特定, 解決手法","Claude Codeのパフォーマンス問題を効率的に診断する実践的手法。問題特定から最適化まで、動作改善を実現する包括的な診断・解決技法を詳しく解説します。","パフォーマンス測定ツールを使用した問題診断と改善実践"
auth-connection-issues,troubleshooting,認証・接続問題,contents/practical-techniques/troubleshooting/auth-connection-issues.md,実践者,"Claude Codeの認証・接続問題を解決し、安定したサービス利用を実現する",not_started,pages,"Claude Code認証・接続問題解決 | 安定利用のトラブル対応","認証問題, 接続エラー, APIエラー, ネットワーク問題, 解決手法","Claude Codeの認証・接続問題の詳細な解決法。APIエラーからネットワーク問題まで、安定したサービス利用を実現するための包括的なトラブル対応ガイドです。","認証・接続問題の診断と解決手順の実践確認"
memory-resource-management,troubleshooting,メモリ・リソース管理,contents/practical-techniques/troubleshooting/memory-resource-management.md,実践者,"Claude Code利用時のメモリ・リソース管理を最適化し、安定した動作環境を構築する",not_started,pages,"Claude Codeメモリ・リソース管理 | 安定動作環境の構築","メモリ管理, リソース最適化, 動作安定化, システム監視, 環境最適化","Claude Code利用時のメモリ・リソース管理の最適化手法。システム監視から環境調整まで、安定した動作環境を構築するための実践的な管理技法を詳しく解説します。","メモリ・リソース監視とパフォーマンス改善の実践"
debugging-techniques,troubleshooting,デバッグ手法,contents/practical-techniques/troubleshooting/debugging-techniques.md,実践者,"Claude Code利用時の効果的なデバッグ手法を習得し、問題の迅速な特定と解決を実現する",not_started,pages,"Claude Codeデバッグ手法 | 効率的問題解決技術","デバッグ手法, 問題特定, ログ解析, 診断技術, 解決技法","Claude Code利用時の効果的なデバッグ手法。ログ解析から問題特定まで、トラブルの迅速な診断と解決を実現する実践的なデバッグ技術を詳しく解説します。","実際の問題事例を使用したデバッグ手法の実践的習得"
advanced-usage,,高度な活用,contents/advanced-usage/advanced-usage.md,実践者,"Claude Codeの高度な機能と統合手法を習得し、エンタープライズレベルでの活用を実現する",not_started,pages,"Claude Code高度な活用 | エンタープライズ活用の完全ガイド","高度活用, エンタープライズ, MCP統合, カスタマイズ, 大規模運用","Claude Codeの高度な機能と統合手法を包括的に解説。MCP統合からカスタムコマンド作成まで、エンタープライズレベルでの本格活用を実現するための高度な技法を提供します。",不要
mcp-integration-guide,advanced-usage,MCP統合ガイド,contents/advanced-usage/mcp-integration-guide/mcp-integration-guide.md,実践者,"MCPプロトコルを理解し、外部システムとの高度な統合を実現する",not_started,pages,"Claude Code MCP統合ガイド | 外部システム連携の完全手法","MCP統合, プロトコル, 外部連携, システム統合, API連携","MCPプロトコルを活用したClaude Codeと外部システムの統合手法。データベース連携からAPI統合まで、高度なシステム連携を実現する包括的な技術ガイドです。",不要
mcp-protocol-basics,mcp-integration-guide,MCPプロトコル基礎,contents/advanced-usage/mcp-integration-guide/mcp-protocol-basics.md,実践者,"MCPプロトコルの基本概念と仕組みを理解し、統合開発の基盤を構築する",not_started,pages,"MCPプロトコル基礎 | Claude Code統合開発の基盤技術","MCPプロトコル, 基礎概念, 統合開発, プロトコル仕様, 通信基盤","MCPプロトコルの基本概念と仕組みを詳しく解説。通信プロトコルの理解から統合アーキテクチャまで、Claude Code統合開発の基盤となる技術的知識を提供します。","MCPプロトコルの基本動作確認と通信テストの実践"
custom-server-development,mcp-integration-guide,カスタムサーバー構築,contents/advanced-usage/mcp-integration-guide/custom-server-development.md,実践者,"MCPカスタムサーバーを構築し、独自のサービス統合を実現する",not_started,pages,"MCPカスタムサーバー構築 | 独自サービス統合の実現","カスタムサーバー, MCP開発, サーバー構築, 独自統合, 拡張機能","MCPカスタムサーバーの構築手法を詳しく解説。設計から実装まで、独自のサービス統合を実現するサーバー開発の実践的ガイドです。","簡単なMCPサーバーの開発と動作確認実践"
external-service-integration,mcp-integration-guide,外部サービス統合,contents/advanced-usage/mcp-integration-guide/external-service-integration.md,実践者,"外部サービスとClaude Codeを統合し、拡張された開発環境を構築する",not_started,pages,"Claude Code外部サービス統合 | 拡張開発環境の構築","外部サービス統合, API連携, サービス拡張, 統合開発, 環境拡張","外部サービスとClaude Codeの効果的な統合手法。REST API、GraphQL、Webhook等を活用した拡張開発環境の構築を実践的に解説します。","主要外部サービスとの統合実装と動作確認"
database-integration,mcp-integration-guide,データベース連携,contents/advanced-usage/mcp-integration-guide/database-integration.md,実践者,"データベースとClaude Codeを連携させ、データ駆動開発を効率化する",not_started,pages,"Claude Codeデータベース連携 | データ駆動開発の効率化","データベース連携, DB統合, データ駆動, SQL生成, データ操作","データベースとClaude Codeの連携手法を詳しく解説。SQL生成からデータ操作まで、データ駆動開発を大幅に効率化する実践的な統合技法を提供します。","データベース連携の実装とデータ操作の自動化実践"
api-integration-patterns,mcp-integration-guide,API統合パターン,contents/advanced-usage/mcp-integration-guide/api-integration-patterns.md,実践者,"様々なAPI統合パターンを習得し、多様なシステムとの効果的な連携を実現する",not_started,pages,"Claude Code API統合パターン | システム連携の設計手法","API統合, 統合パターン, システム連携, 設計手法, アーキテクチャ","様々なAPI統合パターンを活用したClaude Codeとシステムの連携手法。RESTful、GraphQL、gRPC等の統合パターンを実践的に解説します。","複数のAPI統合パターンの実装と評価実践"
custom-command-creation,advanced-usage,カスタムコマンド作成,contents/advanced-usage/custom-command-creation/custom-command-creation.md,実践者,"Claude Codeのカスタムコマンドを作成し、業務特化の効率的な開発ツールを構築する",not_started,pages,"Claude Codeカスタムコマンド作成 | 業務特化ツール開発","カスタムコマンド, コマンド開発, 業務特化, 開発ツール, 効率化","Claude Codeのカスタムコマンド作成の包括的ガイド。基本的なスラッシュコマンドから高度な業務特化ツールまで、効率的な開発を実現するコマンド開発手法を解説します。",不要
slash-command-basics,custom-command-creation,スラッシュコマンド基礎,contents/advanced-usage/custom-command-creation/slash-command-basics.md,実践者,"スラッシュコマンドの基本的な作成方法を習得し、簡単なカスタムコマンドを開発する",not_started,pages,"Claude Codeスラッシュコマンド基礎 | カスタムコマンド入門","スラッシュコマンド, 基礎開発, コマンド作成, カスタマイズ, 入門ガイド","Claude Codeのスラッシュコマンド基礎を詳しく解説。コマンド作成の基本から簡単なカスタマイズまで、コマンド開発の入門ガイドです。","基本的なスラッシュコマンドの作成と動作確認実践"
advanced-command-design,custom-command-creation,高度なコマンド設計,contents/advanced-usage/custom-command-creation/advanced-command-design.md,実践者,"高度なコマンド設計技法を習得し、複雑な業務要件に対応するコマンドを開発する",not_started,pages,"Claude Code高度なコマンド設計 | 複雑要件対応の開発手法","高度コマンド設計, 複雑要件, 設計パターン, アーキテクチャ, 開発手法","高度なコマンド設計技法を活用した複雑要件対応の実践的手法。設計パターンからアーキテクチャまで、業務特化コマンドの効果的な開発手法を詳しく解説します。","複雑な業務要件を満たすコマンドの設計と実装実践"
arguments-parameters,custom-command-creation,引数とパラメータ活用,contents/advanced-usage/custom-command-creation/arguments-parameters.md,実践者,"コマンドの引数とパラメータを効果的に活用し、柔軟で使いやすいコマンドを作成する",not_started,pages,"Claude Code引数とパラメータ活用 | 柔軟コマンド設計","引数, パラメータ, 柔軟設計, コマンド設計, ユーザビリティ","コマンドの引数とパラメータを効果的に活用する設計手法。柔軟性とユーザビリティを両立したコマンド設計の実践的技法を詳しく解説します。","様々な引数パターンを持つコマンドの設計と実装"
conditional-logic,custom-command-creation,条件分岐とロジック,contents/advanced-usage/custom-command-creation/conditional-logic.md,実践者,"コマンド内の条件分岐とロジックを適切に設計し、インテリジェントなコマンドを構築する",not_started,pages,"Claude Code条件分岐とロジック | インテリジェントコマンド構築","条件分岐, ロジック設計, インテリジェント, 判断処理, 動的動作","コマンド内の条件分岐とロジックの効果的な設計手法。状況に応じて動的に動作するインテリジェントなコマンドの構築技法を実践的に解説します。","条件分岐ロジックを含むコマンドの実装と動作確認"
error-handling-commands,custom-command-creation,エラーハンドリング,contents/advanced-usage/custom-command-creation/error-handling-commands.md,実践者,"カスタムコマンドの適切なエラーハンドリングを実装し、堅牢なコマンドを作成する",not_started,pages,"Claude Codeエラーハンドリング | 堅牢コマンド開発","エラーハンドリング, 堅牢性, 例外処理, 安定動作, 品質保証","カスタムコマンドの適切なエラーハンドリング実装手法。例外処理から安定動作まで、堅牢で信頼性の高いコマンドを作成する実践的技法を解説します。","エラーハンドリング機能を持つコマンドの開発と検証"
practical-command-examples,custom-command-creation,実践的コマンド例,contents/advanced-usage/custom-command-creation/practical-command-examples/practical-command-examples.md,実践者,"実際の業務で活用できる実践的なコマンド例を学び、即戦力となるコマンド開発スキルを習得する",not_started,pages,"Claude Code実践的コマンド例 | 即戦力コマンド開発","実践コマンド, 業務活用, コマンド例, 即戦力, 開発スキル","実際の業務で活用できる実践的なコマンド例を豊富に提供。コードレビューからドキュメント生成まで、即戦力となるコマンド開発スキルを実例で習得できます。",不要
code-review-command,practical-command-examples,コードレビューコマンド,contents/advanced-usage/custom-command-creation/practical-command-examples/code-review-command.md,実践者,"自動コードレビューコマンドを作成し、レビュー品質と効率を向上させる",not_started,pages,"Claude Codeコードレビューコマンド | 自動レビュー実装","コードレビュー, 自動化, レビュー品質, 効率向上, 品質保証","自動コードレビューコマンドの作成手法を詳しく解説。レビューポイント自動抽出から品質チェックまで、レビュー効率を大幅に向上させるコマンド開発の実践ガイドです。","自動コードレビューコマンドの開発と実際のレビュー実践"
refactoring-command,practical-command-examples,リファクタリングコマンド,contents/advanced-usage/custom-command-creation/practical-command-examples/refactoring-command.md,実践者,"効率的なリファクタリングコマンドを作成し、コード品質向上を自動化する",not_started,pages,"Claude Codeリファクタリングコマンド | コード品質自動向上","リファクタリング, 自動化, コード品質, 保守性向上, 最適化","効率的なリファクタリングコマンドの作成手法。コード最適化から保守性向上まで、品質改善を自動化するリファクタリングコマンドの実践的開発ガイドです。","リファクタリングコマンドの開発と実際のコード改善実践"
test-generation-command,practical-command-examples,テスト生成コマンド,contents/advanced-usage/custom-command-creation/practical-command-examples/test-generation-command.md,実践者,"自動テスト生成コマンドを作成し、テストカバレッジ向上を効率化する",not_started,pages,"Claude Codeテスト生成コマンド | 自動テスト作成の実現","テスト生成, 自動化, テストカバレッジ, 品質保証, TDD支援","自動テスト生成コマンドの作成手法を詳しく解説。ユニットテストから結合テストまで、テスト作成を効率化し品質保証を強化するコマンド開発の実践ガイドです。","テスト生成コマンドの開発と実際のテストケース作成実践"
documentation-generation-command,practical-command-examples,ドキュメント生成コマンド,contents/advanced-usage/custom-command-creation/practical-command-examples/documentation-generation-command.md,実践者,"自動ドキュメント生成コマンドを作成し、技術文書の作成・更新を効率化する",not_started,pages,"Claude Codeドキュメント生成コマンド | 技術文書自動化","ドキュメント生成, 自動化, 技術文書, API文書, メンテナンス","自動ドキュメント生成コマンドの作成手法を詳しく解説。API文書から技術仕様書まで、ドキュメント作成・更新を大幅に効率化するコマンド開発の実践ガイドです。","ドキュメント生成コマンドの開発と実際の文書作成実践"
security-check-command,practical-command-examples,セキュリティチェックコマンド,contents/advanced-usage/custom-command-creation/practical-command-examples/security-check-command.md,実践者,"自動セキュリティチェックコマンドを作成し、コードの安全性を継続的に監視する",not_started,pages,"Claude Codeセキュリティチェックコマンド | 安全性監視自動化","セキュリティチェック, 自動化, 脆弱性検出, 安全性監視, 継続的監視","自動セキュリティチェックコマンドの作成手法を詳しく解説。脆弱性検出からセキュリティ監視まで、コードの安全性を継続的に保証するコマンド開発の実践ガイドです。","セキュリティチェックコマンドの開発と脆弱性検出実践"
command-distribution-sharing,custom-command-creation,コマンド配布・共有,contents/advanced-usage/custom-command-creation/command-distribution-sharing.md,実践者,"作成したカスタムコマンドを効果的に配布・共有し、チーム全体の生産性を向上させる",not_started,pages,"Claude Codeコマンド配布・共有 | チーム生産性向上の仕組み","コマンド配布, 共有, チーム生産性, 標準化, 配布管理","作成したカスタムコマンドの効果的な配布・共有手法。バージョン管理から標準化まで、チーム全体の生産性を向上させるコマンド管理の実践的ガイドです。","コマンド配布システムの構築とチーム共有の実践"
enterprise-adoption,advanced-usage,エンタープライズ導入,contents/advanced-usage/enterprise-adoption/enterprise-adoption.md,意思決定者,"エンタープライズ環境でのClaude Code導入を成功させ、組織全体の開発効率を向上させる",not_started,pages,"Claude Codeエンタープライズ導入 | 組織変革の実現ガイド","エンタープライズ導入, 組織変革, 大規模展開, 企業活用, 変革管理","エンタープライズ環境でのClaude Code導入を成功させる包括的ガイド。大規模展開から組織変革まで、企業レベルでの効果的な活用を実現する戦略的手法を解説します。",不要
large-team-deployment,enterprise-adoption,大規模チーム展開,contents/advanced-usage/enterprise-adoption/large-team-deployment.md,意思決定者,"大規模チームでのClaude Code展開を効率的に実施し、組織全体の生産性を向上させる",not_started,pages,"Claude Code大規模チーム展開 | 組織生産性革命の実現","大規模展開, チーム導入, 組織生産性, 展開戦略, 変革管理","大規模チームでのClaude Code展開戦略を詳しく解説。段階的導入から組織変革まで、企業規模での効果的な展開を実現する実践的手法を提供します。","大規模展開計画の策定と段階的導入戦略の実践"
permission-access-control,enterprise-adoption,権限管理・アクセス制御,contents/advanced-usage/enterprise-adoption/permission-access-control.md,意思決定者,"企業環境での適切な権限管理とアクセス制御を実装し、セキュアなClaude Code運用を実現する",not_started,pages,"Claude Code権限管理・アクセス制御 | セキュア運用の実現","権限管理, アクセス制御, セキュリティ, 企業運用, 統制管理","企業環境での適切な権限管理とアクセス制御の実装手法。ロールベースアクセスから監査機能まで、セキュアなClaude Code運用を実現する包括的な統制システムを解説します。","権限管理システムの設計と運用ルールの策定実践"
audit-compliance,enterprise-adoption,監査ログ・コンプライアンス,contents/advanced-usage/enterprise-adoption/audit-compliance.md,意思決定者,"監査ログとコンプライアンス要件に対応したClaude Code運用体制を構築する",not_started,pages,"Claude Code監査ログ・コンプライアンス | 規制対応運用体制","監査ログ, コンプライアンス, 規制対応, 運用体制, 統制管理","監査ログとコンプライアンス要件に対応したClaude Code運用の実践手法。ログ管理から規制対応まで、企業の統制要件を満たす運用体制の構築ガイドです。","監査ログシステムの構築とコンプライアンス体制の実践"
proxy-network-configuration,enterprise-adoption,プロキシ・ネットワーク設定,contents/advanced-usage/enterprise-adoption/proxy-network-configuration.md,実践者,"企業ネットワーク環境でのプロキシ・ネットワーク設定を適切に行い、安全なClaude Code利用環境を構築する",not_started,pages,"Claude Codeプロキシ・ネットワーク設定 | 企業環境対応","プロキシ設定, ネットワーク設定, 企業環境, セキュリティ, 接続設定","企業ネットワーク環境でのプロキシ・ネットワーク設定の詳細手法。ファイアウォール対応から安全な接続まで、企業環境での適切なClaude Code利用設定を解説します。","企業ネットワーク環境でのプロキシ設定と接続確認実践"
sso-auth-integration,enterprise-adoption,SSO・認証統合,contents/advanced-usage/enterprise-adoption/sso-auth-integration.md,意思決定者,"SSO・認証統合によりClaude Codeを企業の認証基盤と統合し、統一的なアクセス管理を実現する",not_started,pages,"Claude Code SSO・認証統合 | 統一アクセス管理の実現","SSO統合, 認証統合, アクセス管理, 企業認証, 統一管理","SSO・認証統合によるClaude Codeと企業認証基盤の統合手法。SAML、OAuth、LDAP等を活用した統一的なアクセス管理の実現を実践的に解説します。","SSO統合の設計と企業認証システムとの連携実践"
security-policy,enterprise-adoption,セキュリティポリシー,contents/advanced-usage/enterprise-adoption/security-policy.md,意思決定者,"企業レベルのセキュリティポリシーを策定し、Claude Code利用の安全性を確保する",not_started,pages,"Claude Codeセキュリティポリシー | 企業安全基準の策定","セキュリティポリシー, 安全基準, 企業統制, リスク管理, 運用規程","企業レベルのセキュリティポリシー策定の実践手法。リスク評価から運用規程まで、Claude Code利用の安全性を確保する包括的なセキュリティ管理体制を解説します。","セキュリティポリシーの策定とリスクアセスメントの実践"
cicd-integration,advanced-usage,CI/CD統合,contents/advanced-usage/cicd-integration/cicd-integration.md,実践者,"Claude CodeをCI/CDパイプラインに統合し、開発・デプロイプロセスを自動化する",not_started,pages,"Claude Code CI/CD統合 | 開発プロセス自動化の実現","CI/CD統合, パイプライン, 自動化, DevOps, 継続的統合","Claude CodeをCI/CDパイプラインに効果的に統合する手法。継続的統合から自動デプロイまで、開発プロセス全体を自動化する包括的な統合ガイドです。",不要
github-actions-integration,cicd-integration,GitHub Actions統合,contents/advanced-usage/cicd-integration/github-actions-integration.md,実践者,"GitHub ActionsとClaude Codeを統合し、自動化されたワークフローを構築する",not_started,pages,"Claude Code GitHub Actions統合 | 自動ワークフロー構築","GitHub Actions, ワークフロー自動化, CI統合, 自動テスト, デプロイ自動化","GitHub ActionsとClaude Codeの効果的な統合手法。ワークフロー自動化から自動テストまで、効率的な開発パイプラインを構築する実践的ガイドです。","GitHub Actionsワークフローの構築と自動化の実践"
jenkins-integration,cicd-integration,Jenkins統合,contents/advanced-usage/cicd-integration/jenkins-integration.md,実践者,"JenkinsとClaude Codeを統合し、エンタープライズ対応のCI/CDパイプラインを構築する",not_started,pages,"Claude Code Jenkins統合 | エンタープライズCI/CD構築","Jenkins統合, エンタープライズCI/CD, パイプライン構築, 自動化, 継続的デリバリー","JenkinsとClaude Codeの統合によるエンタープライズ対応CI/CDパイプラインの構築手法。大規模環境での継続的デリバリーを実現する実践的統合ガイドです。","Jenkinsパイプラインの構築とClaude Code統合の実践"
azure-devops-integration,cicd-integration,Azure DevOps統合,contents/advanced-usage/cicd-integration/azure-devops-integration.md,実践者,"Azure DevOpsとClaude Codeを統合し、Microsoftエコシステム対応の開発環境を構築する",not_started,pages,"Claude Code Azure DevOps統合 | Microsoft環境対応開発","Azure DevOps統合, Microsoft環境, 開発パイプライン, 統合開発, クラウドCI/CD","Azure DevOpsとClaude Codeの統合によるMicrosoftエコシステム対応開発環境の構築手法。クラウドネイティブな開発パイプラインを実現する実践的統合ガイドです。","Azure DevOpsパイプラインの構築と統合開発環境の実践"
automated-testing-pipeline,cicd-integration,自動テストパイプライン,contents/advanced-usage/cicd-integration/automated-testing-pipeline.md,実践者,"Claude Codeを活用した自動テストパイプラインを構築し、品質保証を自動化する",not_started,pages,"Claude Code自動テストパイプライン | 品質保証自動化","自動テスト, パイプライン, 品質保証, テスト自動化, 継続的テスト","Claude Codeを活用した自動テストパイプラインの構築手法。ユニットテストから統合テストまで、品質保証を包括的に自動化する実践的ガイドです。","自動テストパイプラインの構築と品質保証の自動化実践"
deployment-automation,cicd-integration,デプロイ自動化,contents/advanced-usage/cicd-integration/deployment-automation.md,実践者,"Claude Codeを活用したデプロイ自動化を実現し、リリースプロセスを効率化する",not_started,pages,"Claude Codeデプロイ自動化 | リリースプロセス効率化","デプロイ自動化, リリース自動化, 継続的デプロイ, プロセス効率化, 運用自動化","Claude Codeを活用したデプロイ自動化の実践手法。リリース戦略から運用監視まで、デプロイプロセス全体を効率化する包括的な自動化ガイドです。","デプロイ自動化システムの構築とリリース効率化の実践"
awesome-claude-code,,Awesome Claude Code,contents/awesome-claude-code/awesome-claude-code.md,実践者,"コミュニティによって収集・整理されたClaude Codeの豊富なリソースを活用し、実践的なツール・テンプレート・ワークフローを通じて開発効率を最大化する",not_started,pages,"Awesome Claude Code | コミュニティリソース活用ガイド","Awesome Claude Code, コミュニティリソース, スラッシュコマンド, テンプレート, CLIツール","Awesome Claude Codeコミュニティリソースの包括的活用ガイド。豊富なスラッシュコマンドからCLAUDE.mdテンプレート、統合ツールまで、実践的なリソース活用で開発効率を最大化します。",不要
community-resources,awesome-claude-code,コミュニティリソース,contents/awesome-claude-code/community-resources/community-resources.md,実践者,"Awesome Claude Codeコミュニティリソースの全体像を把握し、効果的なリソース活用と貢献方法を理解する",not_started,pages,"Awesome Claude Codeコミュニティリソース | リソース活用の基盤","コミュニティリソース, GitHub, 貢献方法, リソース活用, 知識共有","Awesome Claude Codeコミュニティリソースの全体像と活用法。GitHubリポジトリの構造から貢献方法まで、コミュニティ駆動の知識共有とリソース活用の基盤を解説します。",不要
awesome-claude-code-overview,community-resources,Awesome Claude Code概要,contents/awesome-claude-code/community-resources/awesome-claude-code-overview.md,実践者,"Awesome Claude Codeプロジェクトの理念と構造を理解し、コミュニティリソースの効果的な活用基盤を構築する",not_started,pages,"Awesome Claude Code概要 | コミュニティプロジェクトの全体像","Awesome Claude Code概要, プロジェクト理念, コミュニティ活用, リソース構造","Awesome Claude Codeプロジェクトの理念と構造を詳しく解説。コミュニティ駆動の知識共有からリソース分類まで、効果的なコミュニティリソース活用の基盤となる知識を提供します。","GitHubリポジトリの構造確認とコミュニティリソースの概要把握"
community-contribution-guide,community-resources,コミュニティ貢献ガイド,contents/awesome-claude-code/community-resources/community-contribution-guide.md,実践者,"Awesome Claude Codeコミュニティへの貢献方法を習得し、知識共有によるコミュニティ成長に参加する",not_started,pages,"Awesome Claude Codeコミュニティ貢献ガイド | 知識共有の実践","コミュニティ貢献, 知識共有, GitHub貢献, オープンソース, プルリクエスト","Awesome Claude Codeコミュニティへの効果的な貢献方法。プルリクエストの作成からレビュープロセスまで、コミュニティの成長に貢献する実践的な参加ガイドです。","GitHubでのプルリクエスト作成とコミュニティ貢献の実践"
resource-submission-guide,community-resources,リソース投稿方法,contents/awesome-claude-code/community-resources/resource-submission-guide.md,実践者,"有用なClaude Codeリソースの投稿方法を習得し、コミュニティへの価値ある貢献を実現する",not_started,pages,"Awesome Claude Codeリソース投稿方法 | 価値ある貢献の実現","リソース投稿, 貢献方法, 品質基準, 投稿ガイドライン, コミュニティ価値","Awesome Claude Codeへの有用なリソース投稿方法を詳しく解説。品質基準から投稿プロセスまで、コミュニティに価値ある貢献を実現する実践的な投稿ガイドです。","リソース投稿の品質基準確認と実際の投稿プロセスの実践"
slash-command-collection,awesome-claude-code,スラッシュコマンドコレクション,contents/awesome-claude-code/slash-command-collection/slash-command-collection.md,実践者,"豊富なスラッシュコマンドコレクションを活用し、様々な開発シナリオで効率的なコマンド活用を実現する",not_started,pages,"Awesome Claude Codeスラッシュコマンドコレクション | 効率的開発の実現","スラッシュコマンド, コマンドコレクション, 開発効率, 実用コマンド, ワークフロー","Awesome Claude Codeのスラッシュコマンドコレクション活用ガイド。バージョン管理から開発効率化まで、実用的なコマンド群を活用した効率的な開発ワークフローを実現します。",不要
version-control-commands,slash-command-collection,バージョン管理コマンド,contents/awesome-claude-code/slash-command-collection/version-control-commands.md,実践者,"バージョン管理に特化したスラッシュコマンドを活用し、Git操作とコード管理を効率化する",not_started,pages,"Claude Codeバージョン管理コマンド | Git操作効率化","バージョン管理コマンド, Git効率化, コード管理, ブランチ管理, マージ支援","Claude Codeのバージョン管理コマンドでGit操作を効率化。ブランチ管理からマージ支援まで、バージョン管理業務を大幅に効率化する実用的なコマンド活用法を解説します。","Git操作効率化コマンドの実装と実際のバージョン管理業務での活用"
code-analysis-commands,slash-command-collection,コード解析コマンド,contents/awesome-claude-code/slash-command-collection/code-analysis-commands.md,実践者,"コード解析に特化したスラッシュコマンドを活用し、コード品質向上と問題発見を効率化する",not_started,pages,"Claude Codeコード解析コマンド | 品質向上と問題発見","コード解析コマンド, 品質向上, 問題発見, 静的解析, リファクタリング支援","Claude Codeのコード解析コマンドでコード品質向上を効率化。静的解析からリファクタリング支援まで、コード品質向上と問題発見を自動化する実用的なコマンド活用法を解説します。","コード解析コマンドの実装と品質向上効果の検証"
context-loading-commands,slash-command-collection,コンテキスト読み込みコマンド,contents/awesome-claude-code/slash-command-collection/context-loading-commands.md,実践者,"コンテキスト読み込みに特化したスラッシュコマンドを活用し、効率的なプロジェクト理解と開発支援を実現する",not_started,pages,"Claude Codeコンテキスト読み込みコマンド | 効率的プロジェクト理解","コンテキスト読み込み, プロジェクト理解, 開発支援, ファイル解析, 構造把握","Claude Codeのコンテキスト読み込みコマンドで効率的なプロジェクト理解を実現。ファイル解析から構造把握まで、大規模プロジェクトの迅速な理解と開発支援を効率化する実用的なコマンド活用法を解説します。","コンテキスト読み込みコマンドの実装とプロジェクト理解効率化の検証"
project-management-commands,slash-command-collection,プロジェクト管理コマンド,contents/awesome-claude-code/slash-command-collection/project-management-commands.md,実践者,"プロジェクト管理に特化したスラッシュコマンドを活用し、タスク管理と進捗追跡を効率化する",not_started,pages,"Claude Codeプロジェクト管理コマンド | タスク管理効率化","プロジェクト管理コマンド, タスク管理, 進捗追跡, プロジェクト効率化, 管理自動化","Claude Codeのプロジェクト管理コマンドでタスク管理を効率化。進捗追跡から管理自動化まで、プロジェクト運営を大幅に効率化する実用的なコマンド活用法を解説します。","プロジェクト管理コマンドの実装とタスク管理効率化の実践"
ci-deploy-commands,slash-command-collection,CI/デプロイコマンド,contents/awesome-claude-code/slash-command-collection/ci-deploy-commands.md,実践者,"CI/デプロイに特化したスラッシュコマンドを活用し、継続的統合と自動デプロイを効率化する",not_started,pages,"Claude Code CI/デプロイコマンド | 継続的統合の効率化","CI/デプロイコマンド, 継続的統合, 自動デプロイ, DevOps効率化, パイプライン管理","Claude CodeのCI/デプロイコマンドで継続的統合を効率化。自動デプロイからパイプライン管理まで、DevOps業務を大幅に効率化する実用的なコマンド活用法を解説します。","CI/デプロイコマンドの実装と継続的統合効率化の実践"
development-efficiency-commands,slash-command-collection,開発効率化コマンド,contents/awesome-claude-code/slash-command-collection/development-efficiency-commands.md,実践者,"開発効率化に特化したスラッシュコマンドを活用し、日常的な開発業務を大幅に効率化する",not_started,pages,"Claude Code開発効率化コマンド | 日常業務の効率革命","開発効率化コマンド, 日常業務効率化, 生産性向上, 開発支援, 作業自動化","Claude Codeの開発効率化コマンドで日常業務を効率化。コード生成から作業自動化まで、開発者の生産性を大幅に向上させる実用的なコマンド活用法を解説します。","開発効率化コマンドの実装と生産性向上効果の測定"
custom-workflow-commands,slash-command-collection,カスタムワークフローコマンド,contents/awesome-claude-code/slash-command-collection/custom-workflow-commands.md,実践者,"カスタムワークフローに特化したスラッシュコマンドを活用し、組織固有の業務プロセスを最適化する",not_started,pages,"Claude Codeカスタムワークフローコマンド | 業務プロセス最適化","カスタムワークフロー, 業務プロセス最適化, 組織固有, ワークフロー自動化, プロセス改善","Claude Codeのカスタムワークフローコマンドで組織固有の業務プロセスを最適化。ワークフロー自動化からプロセス改善まで、組織特有の要件に対応する実用的なコマンド活用法を解説します。","カスタムワークフローコマンドの設計と業務プロセス最適化の実践"
claude-md-templates,awesome-claude-code,CLAUDE.mdテンプレート集,contents/awesome-claude-code/claude-md-templates/claude-md-templates.md,実践者,"豊富なCLAUDE.mdテンプレート集を活用し、プロジェクトタイプ別の最適な設定を効率的に実現する",not_started,pages,"Awesome Claude Code CLAUDE.mdテンプレート集 | 最適設定の効率実現","CLAUDE.mdテンプレート, プロジェクト設定, 最適化設定, テンプレート活用, 設定効率化","Awesome Claude CodeのCLAUDE.mdテンプレート集活用ガイド。言語別からドメイン別まで、プロジェクトタイプに最適化された設定テンプレートで効率的な環境構築を実現します。",不要
language-specific-templates,claude-md-templates,言語別設定テンプレート,contents/awesome-claude-code/claude-md-templates/language-specific-templates/language-specific-templates.md,実践者,"プログラミング言語別に最適化されたCLAUDE.mdテンプレートを活用し、言語特有の開発効率を最大化する",not_started,pages,"Claude Code言語別設定テンプレート | 言語特化効率化","言語別テンプレート, プログラミング言語最適化, 開発効率最大化, 言語特化設定","Claude Codeの言語別設定テンプレートで言語特有の開発効率を最大化。JavaScript、Python、Java等の言語特性に最適化された設定で効果的な開発環境を構築します。",不要
javascript-typescript-setup,language-specific-templates,JavaScript/TypeScript設定,contents/awesome-claude-code/claude-md-templates/language-specific-templates/javascript-typescript-setup.md,実践者,"JavaScript/TypeScript開発に最適化されたCLAUDE.md設定を活用し、フロントエンド・バックエンド開発を効率化する",not_started,pages,"Claude Code JavaScript/TypeScript設定 | JS/TS開発効率化","JavaScript設定, TypeScript設定, フロントエンド開発, バックエンド開発, JS/TS最適化","JavaScript/TypeScript開発に最適化されたClaude Code設定テンプレート。React、Vue、Node.js等のフレームワーク対応から型定義活用まで、JS/TS開発を効率化する専門設定を解説します。","JavaScript/TypeScript最適化設定の実装と開発効率向上の検証"
python-setup,language-specific-templates,Python設定,contents/awesome-claude-code/claude-md-templates/language-specific-templates/python-setup.md,実践者,"Python開発に最適化されたCLAUDE.md設定を活用し、データサイエンス・Web開発・自動化を効率化する",not_started,pages,"Claude Code Python設定 | Python開発効率化","Python設定, データサイエンス, Web開発, 自動化, Python最適化","Python開発に最適化されたClaude Code設定テンプレート。Django、Flask、Pandas等のライブラリ対応からPEP8準拠まで、Python開発を効率化する専門設定を解説します。","Python最適化設定の実装と開発効率向上の検証"
java-setup,language-specific-templates,Java設定,contents/awesome-claude-code/claude-md-templates/language-specific-templates/java-setup.md,実践者,"Java開発に最適化されたCLAUDE.md設定を活用し、エンタープライズ・Spring開発を効率化する",not_started,pages,"Claude Code Java設定 | Java開発効率化","Java設定, エンタープライズ開発, Spring開発, Java最適化, 企業開発","Java開発に最適化されたClaude Code設定テンプレート。Spring Boot、Maven、Gradle等の企業開発環境に対応した設定で、エンタープライズJava開発を効率化する専門設定を解説します。","Java最適化設定の実装とエンタープライズ開発効率化の検証"
csharp-dotnet-setup,language-specific-templates,C#/.NET設定,contents/awesome-claude-code/claude-md-templates/language-specific-templates/csharp-dotnet-setup.md,実践者,"C#/.NET開発に最適化されたCLAUDE.md設定を活用し、Microsoft技術スタック開発を効率化する",not_started,pages,"Claude Code C#/.NET設定 | .NET開発効率化","C#設定, .NET設定, Microsoft技術, Windows開発, .NET最適化","C#/.NET開発に最適化されたClaude Code設定テンプレート。ASP.NET Core、Entity Framework、Azure対応からVisual Studio統合まで、Microsoft技術スタック開発を効率化する専門設定を解説します。","C#/.NET最適化設定の実装とMicrosoft技術スタック開発効率化の検証"
go-setup,language-specific-templates,Go設定,contents/awesome-claude-code/claude-md-templates/language-specific-templates/go-setup.md,実践者,"Go開発に最適化されたCLAUDE.md設定を活用し、高性能・並行処理開発を効率化する",not_started,pages,"Claude Code Go設定 | Go開発効率化","Go設定, 高性能開発, 並行処理, Go最適化, システム開発","Go開発に最適化されたClaude Code設定テンプレート。Goroutines、チャネル、標準ライブラリ活用から高性能システム開発まで、Go特有の開発を効率化する専門設定を解説します。","Go最適化設定の実装と高性能開発効率化の検証"
rust-setup,language-specific-templates,Rust設定,contents/awesome-claude-code/claude-md-templates/language-specific-templates/rust-setup.md,実践者,"Rust開発に最適化されたCLAUDE.md設定を活用し、安全・高速なシステム開発を効率化する",not_started,pages,"Claude Code Rust設定 | Rust開発効率化","Rust設定, 安全開発, 高速開発, Rust最適化, システムプログラミング","Rust開発に最適化されたClaude Code設定テンプレート。所有権システム、Cargo活用、クレート開発から安全で高速なシステム開発まで、Rust特有の開発を効率化する専門設定を解説します。","Rust最適化設定の実装と安全・高速開発効率化の検証"
domain-specific-templates,claude-md-templates,ドメイン別設定テンプレート,contents/awesome-claude-code/claude-md-templates/domain-specific-templates/domain-specific-templates.md,実践者,"技術ドメイン別に特化されたCLAUDE.mdテンプレートを活用し、専門分野での開発効率を最大化する",not_started,pages,"Claude Codeドメイン別設定テンプレート | 専門分野効率化","ドメイン別テンプレート, 専門分野最適化, 技術領域特化, 開発効率最大化","Claude Codeのドメイン別設定テンプレートで専門分野の開発効率を最大化。Web、モバイル、データサイエンス等の技術領域に特化した設定で専門性の高い開発を効率化します。",不要
web-development-setup,domain-specific-templates,Web開発設定,contents/awesome-claude-code/claude-md-templates/domain-specific-templates/web-development-setup.md,実践者,"Web開発に特化されたCLAUDE.md設定を活用し、フロントエンド・バックエンド・フルスタック開発を効率化する",not_started,pages,"Claude Code Web開発設定 | フルスタック開発効率化","Web開発設定, フロントエンド, バックエンド, フルスタック開発, Web最適化","Web開発に特化されたClaude Code設定テンプレート。React、Vue、Angular等のフロントエンドからNode.js、Python等のバックエンドまで、Web開発全体を効率化する専門設定を解説します。","Web開発特化設定の実装とフルスタック開発効率化の検証"
mobile-development-setup,domain-specific-templates,モバイル開発設定,contents/awesome-claude-code/claude-md-templates/domain-specific-templates/mobile-development-setup.md,実践者,"モバイル開発に特化されたCLAUDE.md設定を活用し、iOS・Android・クロスプラットフォーム開発を効率化する",not_started,pages,"Claude Codeモバイル開発設定 | クロスプラットフォーム効率化","モバイル開発設定, iOS開発, Android開発, クロスプラットフォーム, モバイル最適化","モバイル開発に特化されたClaude Code設定テンプレート。Swift、Kotlin、React Native、Flutter等のプラットフォーム対応からアプリストア申請まで、モバイル開発を効率化する専門設定を解説します。","モバイル開発特化設定の実装とクロスプラットフォーム効率化の検証"
devops-infrastructure-setup,domain-specific-templates,DevOps/インフラ設定,contents/awesome-claude-code/claude-md-templates/domain-specific-templates/devops-infrastructure-setup.md,実践者,"DevOps/インフラに特化されたCLAUDE.md設定を活用し、自動化・監視・デプロイを効率化する",not_started,pages,"Claude Code DevOps/インフラ設定 | 運用自動化効率化","DevOps設定, インフラ設定, 自動化, 監視, デプロイ効率化","DevOps/インフラに特化されたClaude Code設定テンプレート。Docker、Kubernetes、Terraform等のインフラツールからCI/CD自動化まで、運用効率を大幅に向上させる専門設定を解説します。","DevOps/インフラ特化設定の実装と運用自動化効率化の検証"
data-science-setup,domain-specific-templates,データサイエンス設定,contents/awesome-claude-code/claude-md-templates/domain-specific-templates/data-science-setup.md,実践者,"データサイエンスに特化されたCLAUDE.md設定を活用し、分析・機械学習・データ処理を効率化する",not_started,pages,"Claude Codeデータサイエンス設定 | 分析・ML効率化","データサイエンス設定, 機械学習, データ分析, データ処理, AI開発","データサイエンスに特化されたClaude Code設定テンプレート。Pandas、NumPy、TensorFlow等の分析ライブラリからJupyter Notebook統合まで、データサイエンス業務を効率化する専門設定を解説します。","データサイエンス特化設定の実装と分析・ML効率化の検証"
game-development-setup,domain-specific-templates,ゲーム開発設定,contents/awesome-claude-code/claude-md-templates/domain-specific-templates/game-development-setup.md,実践者,"ゲーム開発に特化されたCLAUDE.md設定を活用し、Unity・Unreal・インディーゲーム開発を効率化する",not_started,pages,"Claude Codeゲーム開発設定 | ゲーム制作効率化","ゲーム開発設定, Unity開発, Unreal開発, インディーゲーム, ゲーム制作","ゲーム開発に特化されたClaude Code設定テンプレート。Unity、Unreal Engine、Godot等のゲームエンジン対応からアセット管理まで、ゲーム制作を効率化する専門設定を解説します。","ゲーム開発特化設定の実装とゲーム制作効率化の検証"
project-structure-templates,claude-md-templates,プロジェクト構成テンプレート,contents/awesome-claude-code/claude-md-templates/project-structure-templates/project-structure-templates.md,実践者,"プロジェクト構成別に最適化されたCLAUDE.mdテンプレートを活用し、アーキテクチャ特性に応じた効率的な開発を実現する",not_started,pages,"Claude Codeプロジェクト構成テンプレート | アーキテクチャ最適化","プロジェクト構成テンプレート, アーキテクチャ最適化, 構成別設定, 効率的開発","Claude Codeのプロジェクト構成テンプレートでアーキテクチャ特性に応じた効率的な開発を実現。モノレポ、マイクロサービス、ライブラリ等の構成別最適化設定を解説します。",不要
monorepo-setup,project-structure-templates,モノレポ設定,contents/awesome-claude-code/claude-md-templates/project-structure-templates/monorepo-setup.md,実践者,"モノレポ構成に最適化されたCLAUDE.md設定を活用し、大規模プロジェクトの効率的な管理を実現する",not_started,pages,"Claude Codeモノレポ設定 | 大規模プロジェクト管理効率化","モノレポ設定, 大規模プロジェクト, プロジェクト管理, モノレポ最適化, 統合管理","モノレポ構成に最適化されたClaude Code設定テンプレート。Lerna、Nx、Yarn Workspaces等のモノレポツール対応から依存関係管理まで、大規模プロジェクトの効率的な管理を実現する専門設定を解説します。","モノレポ最適化設定の実装と大規模プロジェクト管理効率化の検証"
microservices-setup,project-structure-templates,マイクロサービス設定,contents/awesome-claude-code/claude-md-templates/project-structure-templates/microservices-setup.md,実践者,"マイクロサービス構成に最適化されたCLAUDE.md設定を活用し、分散システム開発を効率化する",not_started,pages,"Claude Codeマイクロサービス設定 | 分散システム開発効率化","マイクロサービス設定, 分散システム, サービス間通信, マイクロサービス最適化","マイクロサービス構成に最適化されたClaude Code設定テンプレート。API Gateway、Service Mesh、コンテナ化対応から分散トレーシングまで、マイクロサービス開発を効率化する専門設定を解説します。","マイクロサービス最適化設定の実装と分散システム開発効率化の検証"
library-development-setup,project-structure-templates,ライブラリ開発設定,contents/awesome-claude-code/claude-md-templates/project-structure-templates/library-development-setup.md,実践者,"ライブラリ開発に最適化されたCLAUDE.md設定を活用し、再利用可能なコンポーネント開発を効率化する",not_started,pages,"Claude Codeライブラリ開発設定 | 再利用コンポーネント効率化","ライブラリ開発設定, コンポーネント開発, 再利用性, ライブラリ最適化, パッケージ開発","ライブラリ開発に最適化されたClaude Code設定テンプレート。API設計からドキュメント生成、パッケージ公開まで、再利用可能なライブラリ開発を効率化する専門設定を解説します。","ライブラリ開発最適化設定の実装と再利用コンポーネント効率化の検証"
saas-development-setup,project-structure-templates,SaaS開発設定,contents/awesome-claude-code/claude-md-templates/project-structure-templates/saas-development-setup.md,実践者,"SaaS開発に最適化されたCLAUDE.md設定を活用し、スケーラブルなWebサービス開発を効率化する",not_started,pages,"Claude Code SaaS開発設定 | スケーラブルサービス効率化","SaaS開発設定, Webサービス, スケーラビリティ, SaaS最適化, マルチテナント","SaaS開発に最適化されたClaude Code設定テンプレート。マルチテナント対応からスケーラビリティ設計、課金システム統合まで、SaaS特有の開発要件を効率化する専門設定を解説します。","SaaS開発最適化設定の実装とスケーラブルサービス効率化の検証"
enterprise-team-templates,claude-md-templates,企業・チーム設定テンプレート,contents/awesome-claude-code/claude-md-templates/enterprise-team-templates/enterprise-team-templates.md,意思決定者,"企業・チーム規模別に最適化されたCLAUDE.mdテンプレートを活用し、組織特性に応じた効率的な開発体制を構築する",not_started,pages,"Claude Code企業・チーム設定テンプレート | 組織最適化","企業チーム設定, 組織最適化, チーム効率化, 企業開発体制, 組織別設定","Claude Codeの企業・チーム設定テンプレートで組織特性に応じた効率的な開発体制を構築。スタートアップから大企業まで、組織規模別の最適化設定を解説します。",不要
startup-setup,enterprise-team-templates,スタートアップ向け設定,contents/awesome-claude-code/claude-md-templates/enterprise-team-templates/startup-setup.md,意思決定者,"スタートアップに最適化されたCLAUDE.md設定を活用し、限られたリソースでの効率的な開発を実現する",not_started,pages,"Claude Codeスタートアップ向け設定 | リソース効率化","スタートアップ設定, リソース効率化, 少数精鋭, 成長対応, アジャイル開発","スタートアップに最適化されたClaude Code設定テンプレート。MVP開発から成長対応まで、限られたリソースでの効率的な開発と急速な成長に対応する専門設定を解説します。","スタートアップ最適化設定の実装とリソース効率化の検証"
enterprise-setup,enterprise-team-templates,エンタープライズ向け設定,contents/awesome-claude-code/claude-md-templates/enterprise-team-templates/enterprise-setup.md,意思決定者,"エンタープライズに最適化されたCLAUDE.md設定を活用し、大規模組織での統制された開発を実現する",not_started,pages,"Claude Codeエンタープライズ向け設定 | 大規模組織開発","エンタープライズ設定, 大規模組織, 統制開発, コンプライアンス, ガバナンス","エンタープライズに最適化されたClaude Code設定テンプレート。ガバナンス対応からコンプライアンス要件まで、大規模組織での統制された開発を実現する専門設定を解説します。","エンタープライズ最適化設定の実装と大規模組織開発統制の検証"
opensource-setup,enterprise-team-templates,オープンソース向け設定,contents/awesome-claude-code/claude-md-templates/enterprise-team-templates/opensource-setup.md,実践者,"オープンソース開発に最適化されたCLAUDE.md設定を活用し、コミュニティ駆動の開発を効率化する",not_started,pages,"Claude Codeオープンソース向け設定 | コミュニティ開発効率化","オープンソース設定, コミュニティ開発, 貢献促進, OSS開発, 公開開発","オープンソース開発に最適化されたClaude Code設定テンプレート。コントリビューション促進からコミュニティ管理まで、オープンソースプロジェクトの効率的な運営を実現する専門設定を解説します。","オープンソース最適化設定の実装とコミュニティ開発効率化の検証"
educational-setup,enterprise-team-templates,教育機関向け設定,contents/awesome-claude-code/claude-md-templates/enterprise-team-templates/educational-setup.md,実践者,"教育機関に最適化されたCLAUDE.md設定を活用し、プログラミング教育と学習支援を効率化する",not_started,pages,"Claude Code教育機関向け設定 | プログラミング教育効率化","教育機関設定, プログラミング教育, 学習支援, 教育効率化, 学習環境","教育機関に最適化されたClaude Code設定テンプレート。プログラミング教育からコーディング指導まで、学習効果を最大化し教育効率を向上させる専門設定を解説します。","教育機関最適化設定の実装とプログラミング教育効率化の検証"
cli-tools-integration,awesome-claude-code,CLIツール・統合ツール,contents/awesome-claude-code/cli-tools-integration/cli-tools-integration.md,実践者,"豊富なCLIツール・統合ツールを活用し、Claude Code開発環境の拡張と効率化を実現する",not_started,pages,"Awesome Claude Code CLIツール・統合ツール | 開発環境拡張","CLIツール, 統合ツール, 開発環境拡張, 効率化ツール, 開発支援","Awesome Claude CodeのCLIツール・統合ツール活用ガイド。開発ツールからIDE統合まで、Claude Code開発環境の拡張と効率化を実現する実用的なツール群を解説します。",不要
development-tools,cli-tools-integration,開発ツール,contents/awesome-claude-code/cli-tools-integration/development-tools/development-tools.md,実践者,"Claude Code開発に特化したツール群を活用し、開発プロセス全体を効率化する",not_started,pages,"Awesome Claude Code開発ツール | 開発プロセス効率化","開発ツール, 開発プロセス効率化, 開発支援ツール, CLI開発ツール","Awesome Claude Codeの開発ツール群で開発プロセス全体を効率化。設定管理から履歴追跡まで、Claude Code開発を支援する実用的なツールの活用法を解説します。",不要
cc-tools,development-tools,cc-tools（Go実装ツール）,contents/awesome-claude-code/cli-tools-integration/development-tools/cc-tools.md,実践者,"Go実装のcc-toolsを活用し、高性能なClaude Code開発支援を実現する",not_started,pages,"cc-tools（Go実装ツール） | 高性能Claude Code開発支援","cc-tools, Go実装, 高性能ツール, Claude Code開発支援, CLI高速化","Go実装のcc-toolsでClaude Code開発を高速化。高性能な処理からスクリプト自動化まで、Goの特性を活かした効率的なClaude Code開発支援ツールの活用法を解説します。","cc-toolsの導入と高性能Claude Code開発支援の実践"
ccexp,development-tools,ccexp（設定探索CLI）,contents/awesome-claude-code/cli-tools-integration/development-tools/ccexp.md,実践者,"ccexp設定探索CLIを活用し、効率的なClaude Code設定管理を実現する",not_started,pages,"ccexp（設定探索CLI） | 効率的設定管理","ccexp, 設定探索, CLI管理, 設定効率化, 設定ツール","ccexp設定探索CLIでClaude Code設定を効率的に管理。設定ファイル探索から最適化まで、設定管理を大幅に効率化するCLIツールの活用法を解説します。","ccexpの導入と効率的設定管理の実践"
cchistory,development-tools,cchistory（履歴追跡）,contents/awesome-claude-code/cli-tools-integration/development-tools/cchistory.md,実践者,"cchistory履歴追跡ツールを活用し、Claude Code利用履歴の効果的な管理と分析を実現する",not_started,pages,"cchistory（履歴追跡） | 利用履歴管理と分析","cchistory, 履歴追跡, 利用履歴管理, 分析ツール, 履歴分析","cchistory履歴追跡ツールでClaude Code利用履歴を効果的に管理・分析。使用パターンから効率化ポイントまで、データドリブンな改善を実現する履歴管理ツールの活用法を解説します。","cchistoryの導入と利用履歴管理・分析の実践"
custom-build-tools,development-tools,カスタムビルドツール,contents/awesome-claude-code/cli-tools-integration/development-tools/custom-build-tools.md,実践者,"カスタムビルドツールを活用し、Claude Code開発に特化したビルドプロセスを構築する",not_started,pages,"Claude Codeカスタムビルドツール | 特化ビルドプロセス","カスタムビルドツール, ビルドプロセス, 開発特化, ビルド最適化, 自動化ビルド","Claude Code開発に特化したカスタムビルドツールの活用法。プロジェクト特性に応じたビルドプロセスから自動化まで、効率的な開発ワークフローを構築するビルドツールを解説します。","カスタムビルドツールの構築と特化ビルドプロセスの実践"
ide-integration,cli-tools-integration,IDE統合,contents/awesome-claude-code/cli-tools-integration/ide-integration/ide-integration.md,実践者,"主要IDEとClaude Codeの統合を活用し、統合開発環境での効率的な開発を実現する",not_started,pages,"Claude Code IDE統合 | 統合開発環境効率化","IDE統合, 統合開発環境, 開発効率化, IDE拡張, 開発環境統合","Claude Codeと主要IDEの統合活用ガイド。VS Code、Emacs、Neovim等の統合から拡張機能活用まで、統合開発環境での効率的なClaude Code活用を実現します。",不要
vscode-extension,ide-integration,VS Code拡張機能,contents/awesome-claude-code/cli-tools-integration/ide-integration/vscode-extension.md,実践者,"VS Code拡張機能を活用し、エディタ内でのシームレスなClaude Code統合を実現する",not_started,pages,"Claude Code VS Code拡張機能 | エディタ統合","VS Code拡張, エディタ統合, シームレス統合, VS Code活用, 統合開発","VS Code拡張機能でClaude Codeをエディタに統合。コマンドパレットからサイドバー活用まで、VS Code内でのシームレスなClaude Code活用を実現する拡張機能の活用法を解説します。","VS Code拡張機能の導入とエディタ内Claude Code統合の実践"
emacs-integration,ide-integration,Emacs統合（claude-code.el）,contents/awesome-claude-code/cli-tools-integration/ide-integration/emacs-integration.md,実践者,"Emacs統合（claude-code.el）を活用し、Emacs環境でのClaude Code統合開発を実現する",not_started,pages,"Claude Code Emacs統合（claude-code.el） | Emacs環境統合","Emacs統合, claude-code.el, Emacs環境, Emacs開発, エディタ統合","Emacs統合（claude-code.el）でClaude CodeをEmacs環境に統合。Elisp活用からキーバインド設定まで、Emacs特有の開発環境でのClaude Code活用を実現する統合手法を解説します。","Emacs統合（claude-code.el）の導入とEmacs環境統合の実践"
neovim-plugin,ide-integration,Neovim プラグイン（claude-code.nvim）,contents/awesome-claude-code/cli-tools-integration/ide-integration/neovim-plugin.md,実践者,"Neovimプラグイン（claude-code.nvim）を活用し、Vim環境でのClaude Code統合開発を実現する",not_started,pages,"Claude Code Neovimプラグイン（claude-code.nvim） | Vim環境統合","Neovimプラグイン, claude-code.nvim, Vim環境, Neovim開発, エディタ統合","Neovimプラグイン（claude-code.nvim）でClaude CodeをVim環境に統合。Lua設定からキーマッピングまで、Vim特有の開発環境でのClaude Code活用を実現する統合手法を解説します。","Neovimプラグイン（claude-code.nvim）の導入とVim環境統合の実践"
intellij-integration,ide-integration,IntelliJ IDEA統合,contents/awesome-claude-code/cli-tools-integration/ide-integration/intellij-integration.md,実践者,"IntelliJ IDEA統合を活用し、JetBrains環境でのClaude Code統合開発を実現する",not_started,pages,"Claude Code IntelliJ IDEA統合 | JetBrains環境統合","IntelliJ IDEA統合, JetBrains環境, IDE統合, Java開発統合, 統合開発環境","IntelliJ IDEA統合でClaude CodeをJetBrains環境に統合。プラグイン活用からワークフロー統合まで、JetBrains IDEでの効率的なClaude Code活用を実現する統合手法を解説します。","IntelliJ IDEA統合の導入とJetBrains環境統合の実践"
sublime-integration,ide-integration,Sublime Text統合,contents/awesome-claude-code/cli-tools-integration/ide-integration/sublime-integration.md,実践者,"Sublime Text統合を活用し、軽量エディタ環境でのClaude Code統合開発を実現する",not_started,pages,"Claude Code Sublime Text統合 | 軽量エディタ統合","Sublime Text統合, 軽量エディタ, エディタ統合, 高速開発, Sublime活用","Sublime Text統合でClaude Codeを軽量エディタ環境に統合。パッケージ活用からカスタマイズまで、Sublime Textでの高速で効率的なClaude Code活用を実現する統合手法を解説します。","Sublime Text統合の導入と軽量エディタ統合の実践"
usage-monitoring-tools,cli-tools-integration,使用状況監視ツール,contents/awesome-claude-code/cli-tools-integration/usage-monitoring-tools/usage-monitoring-tools.md,実践者,"使用状況監視ツールを活用し、Claude Code利用の効果測定と最適化を実現する",not_started,pages,"Claude Code使用状況監視ツール | 効果測定と最適化","使用状況監視, 効果測定, 最適化, 分析ツール, パフォーマンス監視","Claude Codeの使用状況監視ツール群で利用効果を測定・最適化。使用分析からパフォーマンス監視まで、データドリブンなClaude Code活用改善を実現するツールを解説します。",不要
cc-usage,usage-monitoring-tools,CC Usage（CLI使用分析）,contents/awesome-claude-code/cli-tools-integration/usage-monitoring-tools/cc-usage.md,実践者,"CC Usage CLI使用分析ツールを活用し、コマンドライン利用の詳細分析と最適化を実現する",not_started,pages,"CC Usage（CLI使用分析） | コマンドライン利用最適化","CC Usage, CLI使用分析, コマンドライン最適化, 利用分析, 使用統計","CC Usage CLI使用分析ツールでコマンドライン利用を詳細分析。使用パターンから効率化ポイントまで、CLI活用の最適化を実現する分析ツールの活用法を解説します。","CC Usageの導入とCLI使用分析・最適化の実践"
ccflare,usage-monitoring-tools,ccflare（Web使用ダッシュボード）,contents/awesome-claude-code/cli-tools-integration/usage-monitoring-tools/ccflare.md,実践者,"ccflare Web使用ダッシュボードを活用し、視覚的なClaude Code利用分析と監視を実現する",not_started,pages,"ccflare（Web使用ダッシュボード） | 視覚的利用分析","ccflare, Web使用ダッシュボード, 視覚的分析, 利用監視, ダッシュボード活用","ccflare Web使用ダッシュボードでClaude Code利用を視覚的に分析・監視。リアルタイム監視からトレンド分析まで、直感的なダッシュボードでの利用状況把握を実現する活用法を解説します。","ccflareの導入と視覚的利用分析・監視の実践"
usage-reporting,usage-monitoring-tools,使用量レポート,contents/awesome-claude-code/cli-tools-integration/usage-monitoring-tools/usage-reporting.md,実践者,"使用量レポート機能を活用し、定期的なClaude Code利用状況の報告と改善を実現する",not_started,pages,"Claude Code使用量レポート | 定期利用状況報告","使用量レポート, 利用状況報告, 定期レポート, 利用改善, レポート作成","Claude Codeの使用量レポート機能で定期的な利用状況報告と改善を実現。月次レポートから年次分析まで、継続的な利用最適化を支援するレポート活用法を解説します。","使用量レポートの設定と定期利用状況報告の実践"
performance-monitoring,usage-monitoring-tools,パフォーマンス監視,contents/awesome-claude-code/cli-tools-integration/usage-monitoring-tools/performance-monitoring.md,実践者,"パフォーマンス監視ツールを活用し、Claude Code動作の最適化と問題の早期発見を実現する",not_started,pages,"Claude Codeパフォーマンス監視 | 動作最適化と問題発見","パフォーマンス監視, 動作最適化, 問題発見, 監視ツール, パフォーマンス改善","Claude Codeのパフォーマンス監視ツールで動作最適化と問題の早期発見を実現。レスポンス監視からリソース使用量まで、継続的なパフォーマンス改善を支援する監視手法を解説します。","パフォーマンス監視ツールの導入と動作最適化の実践"
automation-integration-tools,cli-tools-integration,自動化・統合ツール,contents/awesome-claude-code/cli-tools-integration/automation-integration-tools/automation-integration-tools.md,実践者,"自動化・統合ツールを活用し、Claude Code開発プロセスの包括的な自動化を実現する",not_started,pages,"Claude Code自動化・統合ツール | 開発プロセス自動化","自動化ツール, 統合ツール, 開発プロセス自動化, ワークフロー自動化, CI/CD統合","Claude Codeの自動化・統合ツール群で開発プロセスの包括的な自動化を実現。CI/CD統合からテスト自動化まで、効率的な開発ワークフローを構築するツール活用法を解説します。",不要
cicd-integration-tools,automation-integration-tools,CI/CD統合ツール,contents/awesome-claude-code/cli-tools-integration/automation-integration-tools/cicd-integration-tools.md,実践者,"CI/CD統合ツールを活用し、Claude Codeを継続的統合・デプロイパイプラインに組み込む",not_started,pages,"Claude Code CI/CD統合ツール | 継続的統合・デプロイ","CI/CD統合ツール, 継続的統合, 自動デプロイ, パイプライン統合, DevOps自動化","Claude CodeのCI/CD統合ツールで継続的統合・デプロイパイプラインに組み込み。GitHub Actions、Jenkins、Azure DevOps等での自動化を実現するツール活用法を解説します。","CI/CD統合ツールの導入と継続的統合・デプロイの実践"
deployment-automation-tools,automation-integration-tools,デプロイメント自動化,contents/awesome-claude-code/cli-tools-integration/automation-integration-tools/deployment-automation-tools.md,実践者,"デプロイメント自動化ツールを活用し、Claude Code支援によるリリースプロセスの効率化を実現する",not_started,pages,"Claude Codeデプロイメント自動化 | リリースプロセス効率化","デプロイメント自動化, リリース自動化, 自動デプロイ, デプロイツール, リリース効率化","Claude Codeのデプロイメント自動化ツールでリリースプロセスを効率化。自動デプロイからリリース管理まで、安全で効率的なデプロイメントを実現するツール活用法を解説します。","デプロイメント自動化ツールの導入とリリースプロセス効率化の実践"
test-automation-tools,automation-integration-tools,テスト自動化ツール,contents/awesome-claude-code/cli-tools-integration/automation-integration-tools/test-automation-tools.md,実践者,"テスト自動化ツールを活用し、Claude Code支援による包括的なテスト自動化を実現する",not_started,pages,"Claude Codeテスト自動化ツール | 包括的テスト自動化","テスト自動化ツール, テスト自動化, 品質保証自動化, テストプロセス, 自動テスト","Claude Codeのテスト自動化ツールで包括的なテスト自動化を実現。ユニットテストから統合テストまで、品質保証を自動化するテストツールの活用法を解説します。","テスト自動化ツールの導入と包括的テスト自動化の実践"
monitoring-integration,automation-integration-tools,モニタリング統合,contents/awesome-claude-code/cli-tools-integration/automation-integration-tools/monitoring-integration.md,実践者,"モニタリング統合ツールを活用し、Claude Code運用の継続的な監視と改善を実現する",not_started,pages,"Claude Codeモニタリング統合 | 継続的監視と改善","モニタリング統合, 継続的監視, 運用監視, システム監視, 改善支援","Claude Codeのモニタリング統合ツールで継続的な監視と改善を実現。システム監視からアラート機能まで、安定した運用を支援するモニタリングツールの活用法を解説します。","モニタリング統合ツールの導入と継続的監視・改善の実践"
workflow-knowledge-guides,awesome-claude-code,ワークフロー・知識ガイド,contents/awesome-claude-code/workflow-knowledge-guides/workflow-knowledge-guides.md,実践者,"実践的なワークフロー・知識ガイドを活用し、Claude Code開発の効率化と品質向上を実現する",not_started,pages,"Awesome Claude Codeワークフロー・知識ガイド | 開発効率化の実践","ワークフローガイド, 知識ガイド, 開発効率化, 品質向上, 実践手法","Awesome Claude Codeのワークフロー・知識ガイドで開発効率化と品質向上を実現。ABメソッドからレビューワークフローまで、実践的な開発手法の活用ガイドを解説します。",不要
ab-method,workflow-knowledge-guides,ABメソッド（仕様駆動ワークフロー）,contents/awesome-claude-code/workflow-knowledge-guides/ab-method.md,実践者,"ABメソッド（仕様駆動ワークフロー）を活用し、要件から実装まで一貫した効率的な開発を実現する",not_started,pages,"Claude Code ABメソッド（仕様駆動ワークフロー） | 要件駆動開発","ABメソッド, 仕様駆動ワークフロー, 要件駆動開発, 一貫開発, 効率的開発","Claude CodeのABメソッド（仕様駆動ワークフロー）で要件から実装まで一貫した開発を実現。仕様定義から実装まで、効率的で品質の高い開発プロセスを実現する手法を解説します。","ABメソッドの導入と仕様駆動ワークフローの実践"
project-management-workflow,workflow-knowledge-guides,プロジェクト管理ワークフロー,contents/awesome-claude-code/workflow-knowledge-guides/project-management-workflow.md,実践者,"プロジェクト管理ワークフローを活用し、Claude Codeを用いた効率的なプロジェクト運営を実現する",not_started,pages,"Claude Codeプロジェクト管理ワークフロー | 効率的プロジェクト運営","プロジェクト管理ワークフロー, プロジェクト運営, 効率的管理, タスク管理, 進捗管理","Claude Codeのプロジェクト管理ワークフローで効率的なプロジェクト運営を実現。タスク管理から進捗追跡まで、プロジェクト全体を効率化するワークフローの活用法を解説します。","プロジェクト管理ワークフローの導入と効率的運営の実践"
blog-platform-instructions,workflow-knowledge-guides,ブログプラットフォーム指示書,contents/awesome-claude-code/workflow-knowledge-guides/blog-platform-instructions.md,実践者,"ブログプラットフォーム指示書を活用し、Claude Codeによる効率的なコンテンツ作成と管理を実現する",not_started,pages,"Claude Codeブログプラットフォーム指示書 | コンテンツ作成効率化","ブログプラットフォーム, コンテンツ作成, ブログ管理, 効率化指示書, コンテンツ効率化","Claude Codeのブログプラットフォーム指示書で効率的なコンテンツ作成と管理を実現。記事作成からSEO最適化まで、ブログ運営を効率化する指示書の活用法を解説します。","ブログプラットフォーム指示書の活用とコンテンツ作成効率化の実践"
design-review-workflow,workflow-knowledge-guides,デザインレビューワークフロー,contents/awesome-claude-code/workflow-knowledge-guides/design-review-workflow.md,実践者,"デザインレビューワークフローを活用し、Claude Codeによる効率的なデザインレビューと品質向上を実現する",not_started,pages,"Claude Codeデザインレビューワークフロー | デザイン品質向上","デザインレビューワークフロー, デザイン品質向上, レビュー効率化, デザイン管理, UI/UXレビュー","Claude Codeのデザインレビューワークフローで効率的なデザインレビューと品質向上を実現。UI/UXレビューからデザイン管理まで、デザイン品質を向上させるワークフローの活用法を解説します。","デザインレビューワークフローの導入とデザイン品質向上の実践"
code-review-automation-workflow,workflow-knowledge-guides,コードレビュー自動化ワークフロー,contents/awesome-claude-code/workflow-knowledge-guides/code-review-automation-workflow.md,実践者,"コードレビュー自動化ワークフローを活用し、Claude Codeによる効率的なレビューと品質向上を実現する",not_started,pages,"Claude Codeコードレビュー自動化ワークフロー | レビュー効率化","コードレビュー自動化, レビューワークフロー, 品質向上, レビュー効率化, 自動化レビュー","Claude Codeのコードレビュー自動化ワークフローで効率的なレビューと品質向上を実現。自動レビューから品質チェックまで、レビュープロセスを大幅に効率化するワークフローの活用法を解説します。","コードレビュー自動化ワークフローの導入とレビュー効率化の実践"
documentation-generation-workflow,workflow-knowledge-guides,ドキュメント生成ワークフロー,contents/awesome-claude-code/workflow-knowledge-guides/documentation-generation-workflow.md,実践者,"ドキュメント生成ワークフローを活用し、Claude Codeによる効率的な技術文書作成と管理を実現する",not_started,pages,"Claude Codeドキュメント生成ワークフロー | 技術文書効率化","ドキュメント生成ワークフロー, 技術文書作成, ドキュメント管理, 文書効率化, 自動文書生成","Claude Codeのドキュメント生成ワークフローで効率的な技術文書作成と管理を実現。API文書から仕様書まで、文書作成を大幅に効率化するワークフローの活用法を解説します。","ドキュメント生成ワークフローの導入と技術文書効率化の実践"
quality-assurance-workflow,workflow-knowledge-guides,品質保証ワークフロー,contents/awesome-claude-code/workflow-knowledge-guides/quality-assurance-workflow.md,実践者,"品質保証ワークフローを活用し、Claude Codeによる包括的な品質管理と継続的改善を実現する",not_started,pages,"Claude Code品質保証ワークフロー | 包括的品質管理","品質保証ワークフロー, 品質管理, 継続的改善, QA自動化, 品質向上","Claude Codeの品質保証ワークフローで包括的な品質管理と継続的改善を実現。テスト自動化から品質監視まで、品質保証プロセス全体を効率化するワークフローの活用法を解説します。","品質保証ワークフローの導入と包括的品質管理の実践"
plugins-extensions,awesome-claude-code,プラグイン・拡張機能,contents/awesome-claude-code/plugins-extensions/plugins-extensions.md,実践者,"豊富なプラグイン・拡張機能を活用し、Claude Code機能の拡張と開発環境の最適化を実現する",not_started,pages,"Awesome Claude Codeプラグイン・拡張機能 | 機能拡張と環境最適化","プラグイン, 拡張機能, 機能拡張, 開発環境最適化, カスタマイズ","Awesome Claude Codeのプラグイン・拡張機能で機能拡張と開発環境の最適化を実現。開発環境拡張からカスタム拡張開発まで、Claude Codeの可能性を最大化する拡張活用法を解説します。",不要
development-environment-extensions,plugins-extensions,開発環境拡張,contents/awesome-claude-code/plugins-extensions/development-environment-extensions.md,実践者,"開発環境拡張機能を活用し、Claude Code開発環境のカスタマイズと機能強化を実現する",not_started,pages,"Claude Code開発環境拡張 | 環境カスタマイズと機能強化","開発環境拡張, 環境カスタマイズ, 機能強化, 開発環境最適化, カスタム環境","Claude Codeの開発環境拡張機能で環境カスタマイズと機能強化を実現。エディタ統合から環境最適化まで、個人・チームのニーズに応じた開発環境の構築法を解説します。","開発環境拡張機能の導入と環境カスタマイズの実践"
build-system-integration,plugins-extensions,ビルドシステム統合,contents/awesome-claude-code/plugins-extensions/build-system-integration.md,実践者,"ビルドシステム統合拡張を活用し、Claude Codeとビルドプロセスの効率的な連携を実現する",not_started,pages,"Claude Codeビルドシステム統合 | ビルドプロセス連携","ビルドシステム統合, ビルドプロセス連携, ビルド最適化, 統合ビルド, 自動ビルド","Claude Codeのビルドシステム統合拡張でビルドプロセスとの効率的な連携を実現。Webpack、Vite、Gradle等のビルドツールとの統合からビルド最適化まで、効率的なビルド環境の構築法を解説します。","ビルドシステム統合拡張の導入とビルドプロセス連携の実践"
version-control-extensions,plugins-extensions,バージョン管理拡張,contents/awesome-claude-code/plugins-extensions/version-control-extensions.md,実践者,"バージョン管理拡張機能を活用し、Claude CodeとGit等の効率的な連携を実現する",not_started,pages,"Claude Codeバージョン管理拡張 | Git連携効率化","バージョン管理拡張, Git連携, バージョン管理効率化, ソース管理, Git統合","Claude Codeのバージョン管理拡張機能でGit等との効率的な連携を実現。コミット支援からブランチ管理まで、バージョン管理を大幅に効率化する拡張機能の活用法を解説します。","バージョン管理拡張機能の導入とGit連携効率化の実践"
external-service-collabo,plugins-extensions,外部サービス連携,contents/awesome-claude-code/plugins-extensions/external-service-collabo.md,実践者,"外部サービス連携拡張を活用し、Claude Codeと様々なサービスの統合を実現する",not_started,pages,"Claude Code外部サービス連携 | サービス統合拡張","外部サービス連携, サービス統合, API連携, 外部システム統合, サービス拡張","Claude Codeの外部サービス連携拡張で様々なサービスとの統合を実現。Slack、Discord、Jira等の外部サービスとの連携から通知システムまで、開発ワークフローの拡張法を解説します。","外部サービス連携拡張の導入とサービス統合の実践"
custom-extension-development,plugins-extensions,カスタム拡張開発ガイド,contents/awesome-claude-code/plugins-extensions/custom-extension-development.md,実践者,"カスタム拡張開発ガイドを活用し、独自の Claude Code拡張機能を開発する",not_started,pages,"Claude Codeカスタム拡張開発ガイド | 独自拡張機能開発","カスタム拡張開発, 拡張機能開発, 独自機能開発, プラグイン開発, 拡張開発ガイド","Claude Codeのカスタム拡張開発ガイドで独自の拡張機能を開発。拡張アーキテクチャから実装手法まで、特定の要件に対応する拡張機能の開発方法を詳しく解説します。","カスタム拡張開発の実装と独自機能開発の実践"
case-studies,,実例・ケーススタディ,contents/case-studies/case-studies.md,意思決定者,"実際のClaude Code導入事例を通じて、導入効果と成功要因を理解し、自社での活用戦略を策定する",not_started,pages,"Claude Code実例・ケーススタディ | 導入成功の秘訣","ケーススタディ, 導入事例, 成功要因, 効果測定, 活用戦略","実際のClaude Code導入事例を詳細に分析。成功要因から課題解決まで、様々な業界・規模での活用実例を通じて効果的な導入戦略を学べる包括的ガイドです。",不要
industry-use-cases,case-studies,業界別活用事例,contents/case-studies/industry-use-cases/industry-use-cases.md,意思決定者,"業界別のClaude Code活用事例を学び、自社業界での最適な導入戦略を理解する",not_started,pages,"Claude Code業界別活用事例 | 業界特化導入戦略","業界別事例, 活用戦略, 導入効果, 業界特化, ベストプラクティス","様々な業界でのClaude Code活用事例を業界別に詳細分析。Web開発からエンタープライズまで、業界特有の課題と解決策を通じて最適な導入戦略を学べます。",不要
web-development-company-case,industry-use-cases,Web開発企業の事例,contents/case-studies/industry-use-cases/web-development-company-case.md,意思決定者,"Web開発企業でのClaude Code導入事例を通じて、Web開発特有の活用法と効果を理解する",not_started,pages,"Web開発企業のClaude Code導入事例 | 開発効率革命の実現","Web開発, 導入事例, 開発効率, フロントエンド, バックエンド","Web開発企業でのClaude Code導入事例を詳細分析。フロントエンド・バックエンド開発での活用から開発チーム全体の効率化まで、Web開発特有の成功パターンを解説します。","Web開発プロジェクトでの活用シミュレーションと効果測定"
mobile-app-development-case,industry-use-cases,モバイルアプリ開発の事例,contents/case-studies/industry-use-cases/mobile-app-development-case.md,意思決定者,"モバイルアプリ開発でのClaude Code活用事例を通じて、モバイル開発特有の効果を理解する",not_started,pages,"モバイルアプリ開発のClaude Code活用事例 | アプリ開発革新","モバイル開発, アプリ開発, iOS開発, Android開発, クロスプラットフォーム","モバイルアプリ開発でのClaude Code活用事例を詳細分析。iOS・Android開発からクロスプラットフォーム開発まで、モバイル開発特有の課題解決と効率化を解説します。","モバイル開発プロジェクトでの活用パターンと効果検証"
saas-company-case,industry-use-cases,SaaS企業の事例,contents/case-studies/industry-use-cases/saas-company-case.md,意思決定者,"SaaS企業でのClaude Code導入事例を通じて、継続的な機能開発とスケーラビリティ向上の効果を理解する",not_started,pages,"SaaS企業のClaude Code導入事例 | 継続的イノベーションの実現","SaaS開発, 継続的開発, スケーラビリティ, 機能開発, プロダクト開発","SaaS企業でのClaude Code導入事例を詳細分析。継続的な機能開発からスケーラビリティ向上まで、SaaS特有の開発課題解決と競争優位性の確立を解説します。","SaaS開発パターンでの活用戦略と成長効果の測定"
enterprise-company-case,industry-use-cases,エンタープライズ企業の事例,contents/case-studies/industry-use-cases/enterprise-company-case.md,意思決定者,"エンタープライズ企業でのClaude Code大規模導入事例を通じて、組織変革と生産性向上の効果を理解する",not_started,pages,"エンタープライズ企業のClaude Code導入事例 | 組織変革の成功パターン","エンタープライズ, 大規模導入, 組織変革, 生産性向上, デジタル変革","エンタープライズ企業での大規模Claude Code導入事例を詳細分析。組織変革から生産性向上まで、大企業特有の導入課題と成功要因を包括的に解説します。","大規模組織での導入計画と変革効果のシミュレーション"
startup-case,industry-use-cases,スタートアップの事例,contents/case-studies/industry-use-cases/startup-case.md,意思決定者,"スタートアップでのClaude Code活用事例を通じて、限られたリソースでの効率的な開発と成長加速の効果を理解する",not_started,pages,"スタートアップのClaude Code活用事例 | リソース効率化と成長加速","スタートアップ, リソース効率化, 成長加速, MVP開発, 少数精鋭","スタートアップでのClaude Code活用事例を詳細分析。限られたリソースでの効率的な開発からMVP構築まで、スタートアップ特有の成長加速パターンを解説します。","スタートアップでの導入戦略と成長効果の検証"
project-success-stories,case-studies,プロジェクト成功事例,contents/case-studies/project-success-stories/project-success-stories.md,実践者,"具体的なプロジェクト成功事例を通じて、Claude Code活用による課題解決パターンと成功要因を理解する",not_started,pages,"Claude Codeプロジェクト成功事例 | 課題解決パターンの分析","プロジェクト成功, 課題解決, 成功要因, 効果測定, ベストプラクティス","様々なプロジェクトでのClaude Code活用成功事例を詳細分析。課題解決パターンから成功要因まで、実践的な活用事例を通じて効果的な利用法を学べます。",不要
legacy-system-modernization,project-success-stories,レガシーシステム刷新,contents/case-studies/project-success-stories/legacy-system-modernization.md,意思決定者,"レガシーシステム刷新プロジェクトでのClaude Code活用事例を通じて、効率的なモダナイゼーションの手法を理解する",not_started,pages,"レガシーシステム刷新のClaude Code活用事例 | モダナイゼーション加速","レガシー刷新, モダナイゼーション, システム移行, 刷新プロジェクト, 技術移行","レガシーシステム刷新プロジェクトでのClaude Code活用事例を詳細分析。コード移行から技術更新まで、効率的なモダナイゼーションを実現する実践的手法を解説します。","レガシー刷新プロジェクトでの活用計画と効果シミュレーション"
new-product-development,project-success-stories,新規プロダクト開発,contents/case-studies/project-success-stories/new-product-development.md,実践者,"新規プロダクト開発でのClaude Code活用事例を通じて、イノベーション創出と開発スピード向上の効果を理解する",not_started,pages,"新規プロダクト開発のClaude Code活用事例 | イノベーション創出加速","新規開発, プロダクト開発, イノベーション, 開発スピード, 創造性向上","新規プロダクト開発でのClaude Code活用事例を詳細分析。アイデア実現から市場投入まで、イノベーション創出と開発スピード向上を実現する効果的活用法を解説します。","新規プロダクト開発での活用戦略と創造性向上の測定"
development-speed-improvement,project-success-stories,開発速度向上プロジェクト,contents/case-studies/project-success-stories/development-speed-improvement.md,実践者,"開発速度向上プロジェクトでのClaude Code活用事例を通じて、開発効率の劇的な改善手法を理解する",not_started,pages,"開発速度向上プロジェクトのClaude Code活用事例 | 効率革命の実現","開発速度向上, 効率改善, 生産性向上, 開発最適化, パフォーマンス改善","開発速度向上プロジェクトでのClaude Code活用事例を詳細分析。開発プロセス最適化から生産性向上まで、劇的な効率改善を実現する実践的手法を解説します。","開発速度向上計画の策定と効果測定の実践"
quality-improvement-project,project-success-stories,品質改善プロジェクト,contents/case-studies/project-success-stories/quality-improvement-project.md,実践者,"品質改善プロジェクトでのClaude Code活用事例を通じて、コード品質とプロダクト品質の向上手法を理解する",not_started,pages,"品質改善プロジェクトのClaude Code活用事例 | 品質革命の実現","品質改善, コード品質, プロダクト品質, 品質保証, 品質管理","品質改善プロジェクトでのClaude Code活用事例を詳細分析。コードレビューから品質保証まで、包括的な品質向上を実現する効果的な活用手法を解説します。","品質改善計画の策定と品質指標向上の実践"
team-productivity-enhancement,project-success-stories,チーム生産性向上,contents/case-studies/project-success-stories/team-productivity-enhancement.md,実践者,"チーム生産性向上プロジェクトでのClaude Code活用事例を通じて、チーム全体の効率化と協働の改善手法を理解する",not_started,pages,"チーム生産性向上のClaude Code活用事例 | 組織力強化の実現","チーム生産性, 組織力強化, 協働改善, チーム効率化, 組織開発","チーム生産性向上プロジェクトでのClaude Code活用事例を詳細分析。チーム連携から組織力強化まで、チーム全体の生産性を向上させる実践的な活用手法を解説します。","チーム生産性向上計画の策定と組織効果の測定実践"
roi-impact-measurement,case-studies,ROI・効果測定,contents/case-studies/roi-impact-measurement/roi-impact-measurement.md,意思決定者,"Claude Code導入のROIと効果測定手法を習得し、投資対効果を定量的に評価・改善する",not_started,pages,"Claude Code ROI・効果測定 | 投資対効果の科学的評価","ROI測定, 効果測定, 投資対効果, 定量評価, 改善指標","Claude Code導入のROIと効果測定の科学的手法。投資対効果の算出から継続的改善まで、データドリブンな導入効果の評価・最適化を実現する包括的ガイドです。",不要
development-time-reduction,roi-impact-measurement,開発時間短縮効果,contents/case-studies/roi-impact-measurement/development-time-reduction.md,意思決定者,"Claude Code導入による開発時間短縮効果を定量的に測定し、時間効率向上の価値を評価する",not_started,pages,"Claude Code開発時間短縮効果 | 時間効率向上の定量評価","開発時間短縮, 時間効率, 効率向上, 生産性測定, 時間価値","Claude Code導入による開発時間短縮効果の定量的測定手法。タスク別時間分析から効率指標まで、時間効率向上の価値を科学的に評価する実践的ガイドです。","開発時間測定システムの構築と短縮効果の定量分析実践"
quality-improvement-impact,roi-impact-measurement,品質向上効果,contents/case-studies/roi-impact-measurement/quality-improvement-impact.md,実践者,"Claude Code導入による品質向上効果を測定し、コード品質とプロダクト品質の改善価値を評価する",not_started,pages,"Claude Code品質向上効果 | 品質改善価値の定量評価","品質向上, 品質測定, コード品質, プロダクト品質, 品質指標","Claude Code導入による品質向上効果の測定手法。品質指標の設定から改善効果まで、品質向上の価値を定量的に評価する科学的なアプローチを解説します。","品質測定指標の設定と品質改善効果の定量分析実践"
cost-reduction-impact,roi-impact-measurement,コスト削減効果,contents/case-studies/roi-impact-measurement/cost-reduction-impact.md,意思決定者,"Claude Code導入によるコスト削減効果を分析し、経営的な価値を定量的に評価する",not_started,pages,"Claude Codeコスト削減効果 | 経営価値の定量評価","コスト削減, 経営価値, コスト分析, 削減効果, 経済効果","Claude Code導入によるコスト削減効果の包括的分析。開発コストから運用コストまで、経営的な価値を定量的に評価し、投資対効果を最大化する手法を解説します。","コスト分析モデルの構築と削減効果の経営価値換算実践"
learning-cost-assessment,roi-impact-measurement,学習コスト評価,contents/case-studies/roi-impact-measurement/learning-cost-assessment.md,意思決定者,"Claude Code導入時の学習コストを適切に評価し、教育投資の最適化と効果最大化を実現する",not_started,pages,"Claude Code学習コスト評価 | 教育投資最適化の指針","学習コスト, 教育投資, 習得時間, スキル評価, 研修効果","Claude Code導入時の学習コストの適切な評価手法。習得時間から研修効果まで、教育投資を最適化し効果を最大化する科学的なコスト評価アプローチを解説します。","学習コスト分析モデルの構築と教育効果の測定実践"
roi-calculation-methods,roi-impact-measurement,ROI計算方法,contents/case-studies/roi-impact-measurement/roi-calculation-methods.md,意思決定者,"Claude Code導入のROI計算方法を習得し、正確な投資対効果評価と意思決定を実現する",not_started,pages,"Claude Code ROI計算方法 | 投資対効果評価の完全ガイド","ROI計算, 投資対効果, 効果測定, 財務評価, 意思決定支援","Claude Code導入のROI計算の完全ガイド。投資コストから効果算出まで、正確な投資対効果評価を実現する包括的な計算手法と意思決定支援ツールを提供します。","ROI計算ツールの構築と実際のプロジェクトでの投資効果算出実践"
failure-case-studies,case-studies,失敗事例から学ぶ,contents/case-studies/failure-case-studies/failure-case-studies.md,意思決定者,"Claude Code導入の失敗事例を分析し、リスク回避と成功確率向上のための教訓を得る",not_started,pages,"Claude Code失敗事例から学ぶ | リスク回避と成功戦略","失敗事例, リスク回避, 成功戦略, 導入課題, 改善策","Claude Code導入の失敗事例を客観的に分析。失敗パターンから学ぶリスク回避策と成功確率を向上させる実践的な教訓を、改善策とともに包括的に解説します。",不要
adoption-failure-patterns,failure-case-studies,導入失敗パターン,contents/case-studies/failure-case-studies/adoption-failure-patterns.md,意思決定者,"Claude Code導入失敗の典型的なパターンを理解し、事前のリスク回避策を策定する",not_started,pages,"Claude Code導入失敗パターン | リスク予防の完全ガイド","導入失敗, 失敗パターン, リスク予防, 導入課題, 回避策","Claude Code導入失敗の典型的なパターンを詳細分析。計画不備から組織抵抗まで、様々な失敗要因と事前回避策を体系的に整理した予防的ガイドです。","失敗パターンチェックリストの作成とリスクアセスメント実践"
operational-challenges-solutions,failure-case-studies,運用課題と対策,contents/case-studies/failure-case-studies/operational-challenges-solutions.md,実践者,"Claude Code運用時の課題を理解し、効果的な対策と継続的改善の手法を習得する",not_started,pages,"Claude Code運用課題と対策 | 継続的改善の実践ガイド","運用課題, 対策手法, 継続的改善, 運用改善, 問題解決","Claude Code運用時によく発生する課題と効果的な対策手法。運用フェーズでの問題解決から継続的改善まで、安定した運用を実現する実践的ガイドです。","運用課題の早期発見システムと改善プロセスの構築実践"
team-resistance-handling,failure-case-studies,チーム抵抗への対処,contents/case-studies/failure-case-studies/team-resistance-handling.md,意思決定者,"チームの抵抗や反発に適切に対処し、スムーズなClaude Code導入と定着を実現する",not_started,pages,"Claude Codeチーム抵抗への対処 | 変革管理の実践手法","チーム抵抗, 変革管理, 組織変革, 導入支援, 合意形成","チームの抵抗や反発への効果的な対処法。心理的安全性から合意形成まで、スムーズな変革を実現する組織変革管理の実践的手法を詳しく解説します。","チーム抵抗の分析と変革コミュニケーション戦略の実践"
improvement-correction-process,failure-case-studies,改善・修正プロセス,contents/case-studies/failure-case-studies/improvement-correction-process.md,実践者,"Claude Code導入・運用の問題を継続的に改善する効果的なプロセスを構築する",not_started,pages,"Claude Code改善・修正プロセス | 継続的最適化の仕組み","改善プロセス, 修正手順, 継続的最適化, PDCA, 運用改善","Claude Code導入・運用の継続的改善プロセス。問題発見から解決まで、PDCAサイクルを活用した効果的な最適化の仕組みを構築する実践的手法を解説します。","改善プロセスの設計とPDCAサイクルによる継続的最適化実践"
training-certification,,トレーニング・認定,contents/training-certification/training-certification.md,教育者,"Claude Code研修プラットフォームへの自然な導線として、包括的な学習・認定プログラムを提供し、継続的なスキル向上を支援する",not_started,pages,"Claude Codeトレーニング・認定 | プロフェッショナル育成プログラム","研修プログラム, 認定制度, スキル向上, プロフェッショナル育成, 継続学習","Claude Codeのプロフェッショナル育成のための包括的研修・認定プログラム。基礎から上級まで、体系的なスキル向上と認定取得を通じた専門性の確立を支援します。",不要
online-basic-courses,training-certification,オンライン基礎コース（有料導線）,contents/training-certification/online-basic-courses/online-basic-courses.md,初学者,"Claude Code基礎から実践まで体系的に学習できるオンライン研修コースへの導線を提供し、確実なスキル習得を支援する",not_started,pages,"Claude Codeオンライン基礎コース | 体系的スキル習得プログラム","オンライン研修, 基礎コース, 体系的学習, スキル習得, プロフェッショナル育成","Claude Codeを基礎から体系的に学習できるオンライン研修コース。実践的なハンズオンと個別指導で、確実なスキル習得とプロフェッショナルとしての成長を支援します。当研修プラットフォームへのお申し込みはこちらから。",不要
basic-mastery-course,online-basic-courses,基礎習得コース,contents/training-certification/online-basic-courses/basic-mastery-course.md,初学者,"Claude Code基礎習得コースで確実な基礎スキルを身につけ、研修プラットフォームでの本格学習への第一歩を踏み出す",not_started,pages,"Claude Code基礎習得コース | 確実な基礎スキル習得","基礎習得, 研修コース, スキル習得, 基礎学習, プロフェッショナル基盤","Claude Code基礎習得コースで確実な基礎スキルを身につけましょう。経験豊富な講師による丁寧な指導と実践的なハンズオンで、プロフェッショナルとしての基盤を構築します。【研修プラットフォームでのお申し込み推奨】","基礎コマンドから実践的なプロジェクト演習まで段階的な習得プログラム"
practical-application-course,online-basic-courses,実践活用コース,contents/training-certification/online-basic-courses/practical-application-course.md,実践者,"Claude Code実践活用コースで業務レベルのスキルを習得し、研修プラットフォームでの専門的な学習を継続する",not_started,pages,"Claude Code実践活用コース | 業務レベルスキル習得","実践活用, 業務スキル, 研修コース, 実務応用, プロフェッショナル実践","Claude Code実践活用コースで業務レベルのスキルを習得。実際のプロジェクトを想定した実践的な演習で、即戦力となる専門スキルを身につけます。【研修プラットフォームでの継続学習推奨】","実際の業務プロジェクトを想定した実践的な開発演習とケーススタディ"
advanced-master-course,online-basic-courses,上級マスターコース,contents/training-certification/online-basic-courses/advanced-master-course.md,実践者,"Claude Code上級マスターコースでエキスパートレベルのスキルを習得し、研修プラットフォームでの最高レベルの専門性を獲得する",not_started,pages,"Claude Code上級マスターコース | エキスパートレベル到達","上級マスター, エキスパート, 高度スキル, 研修コース, 専門性獲得","Claude Code上級マスターコースでエキスパートレベルに到達。高度な統合技法と最新の活用法を習得し、組織のClaude Codeリーダーとしての専門性を獲得します。【研修プラットフォームでの最高レベル学習】","高度なMCP統合からエンタープライズ導入まで最先端技術の習得プログラム"
free-trial-lesson,online-basic-courses,無料体験レッスン,contents/training-certification/online-basic-courses/free-trial-lesson.md,初学者,"無料体験レッスンでClaude Code研修の価値を実感し、研修プラットフォームでの本格的な学習への参加を促進する",not_started,pages,"Claude Code無料体験レッスン | 研修品質を実感","無料体験, 体験レッスン, 研修品質, 学習体験, 参加促進","Claude Code無料体験レッスンで研修の品質を実感してください。実際の講師による指導と実践的な演習で、当研修プラットフォームの学習効果を体験いただけます。【今すぐ無料体験お申し込み】","実際の研修と同品質の体験レッスンで研修プラットフォームの価値を実感"
enterprise-training-programs,training-certification,企業向け研修プログラム（有料導線）,contents/training-certification/enterprise-training-programs/enterprise-training-programs.md,意思決定者,"企業向け研修プログラムで組織全体のClaude Code活用を実現し、研修プラットフォームでの包括的な企業研修を提供する",not_started,pages,"Claude Code企業向け研修プログラム | 組織変革の包括支援","企業研修, 組織変革, チーム育成, 研修プログラム, 企業導入支援","企業向けClaude Code研修プログラムで組織全体の変革を実現。チーム育成から導入支援まで、包括的な企業研修で競争優位性を確立します。【企業研修プラットフォームでのカスタム対応】",不要
team-adoption-training,enterprise-training-programs,チーム導入研修,contents/training-certification/enterprise-training-programs/team-adoption-training.md,意思決定者,"チーム導入研修で効果的なClaude Code導入を実現し、研修プラットフォームでの組織的な学習を推進する",not_started,pages,"Claude Codeチーム導入研修 | 効果的組織導入の実現","チーム導入, 組織研修, 導入支援, チーム育成, 変革管理","Claude Codeチーム導入研修で効果的な組織導入を実現。変革管理からチーム育成まで、スムーズな導入と定着を支援する包括的な研修プログラムです。【企業研修プラットフォームでの導入支援】","チーム単位での段階的導入プログラムと変革管理手法の実践研修"
enterprise-deployment-support,enterprise-training-programs,エンタープライズ展開支援,contents/training-certification/enterprise-training-programs/enterprise-deployment-support.md,意思決定者,"エンタープライズ展開支援で大規模組織でのClaude Code活用を成功させ、研修プラットフォームでの戦略的導入を実現する",not_started,pages,"Claude Codeエンタープライズ展開支援 | 大規模組織成功の戦略","エンタープライズ展開, 大規模導入, 戦略的導入, 組織変革, 展開支援","Claude Codeエンタープライズ展開支援で大規模組織での成功を実現。戦略策定から展開実行まで、企業レベルでの包括的な導入を支援します。【企業研修プラットフォームでの戦略的支援】","大規模組織での段階的展開戦略と変革管理の包括的支援プログラム"
custom-training-programs,enterprise-training-programs,カスタム研修プログラム,contents/training-certification/enterprise-training-programs/custom-training-programs.md,意思決定者,"カスタム研修プログラムで企業固有のニーズに対応し、研修プラットフォームでの最適化されたオリジナル研修を提供する",not_started,pages,"Claude Codeカスタム研修プログラム | 企業特化型最適化研修","カスタム研修, 企業特化, オリジナル研修, ニーズ対応, 最適化プログラム","Claude Codeカスタム研修プログラムで企業固有のニーズに完全対応。業界特性から組織文化まで考慮したオリジナル研修で最大の効果を実現します。【研修プラットフォームでのフルカスタマイズ対応】","企業の業界特性と組織文化に完全適応したオリジナル研修プログラムの設計"
implementation-consulting,enterprise-training-programs,導入コンサルティング,contents/training-certification/enterprise-training-programs/implementation-consulting.md,意思決定者,"導入コンサルティングで戦略的なClaude Code活用を実現し、研修プラットフォームでの包括的な導入支援を提供する",not_started,pages,"Claude Code導入コンサルティング | 戦略的活用の実現支援","導入コンサルティング, 戦略的活用, 包括支援, 導入戦略, コンサルティング","Claude Code導入コンサルティングで戦略的な活用を実現。現状分析から導入戦略まで、専門コンサルタントによる包括的な支援で確実な成功を実現します。【研修プラットフォームでの戦略コンサルティング】","現状分析から導入戦略策定、実行支援まで専門コンサルタントによる包括的支援"
certification-programs,training-certification,認定試験・資格取得（有料導線）,contents/training-certification/certification-programs/certification-programs.md,実践者,"Claude Code認定試験・資格取得で専門性を証明し、研修プラットフォームでの認定プログラムを通じたキャリア向上を支援する",not_started,pages,"Claude Code認定試験・資格取得 | 専門性証明とキャリア向上","認定試験, 資格取得, 専門性証明, キャリア向上, 認定制度","Claude Code認定試験・資格取得で専門性を公式に証明。業界認定の資格取得で市場価値を向上し、キャリアの発展を実現します。【研修プラットフォームでの認定プログラム】",不要
claude-code-certification,certification-programs,Claude Code認定試験,contents/training-certification/certification-programs/claude-code-certification.md,実践者,"Claude Code認定試験で公式な専門性を証明し、研修プラットフォームでの認定取得を通じて市場価値を向上させる",not_started,pages,"Claude Code認定試験 | 公式専門性の証明","認定試験, 公式資格, 専門性証明, 市場価値向上, 認定取得","Claude Code認定試験で公式な専門性を証明しましょう。業界標準の認定資格で市場価値を向上し、プロフェッショナルとしての地位を確立します。【研修プラットフォームでの認定試験受験】","実技試験と理論試験による包括的な専門性評価と公式認定の取得"
corporate-certification-program,certification-programs,企業認定プログラム,contents/training-certification/certification-programs/corporate-certification-program.md,意思決定者,"企業認定プログラムで組織の専門性を公式に認定し、研修プラットフォームでの企業レベル認定を取得する",not_started,pages,"Claude Code企業認定プログラム | 組織専門性の公式認定","企業認定, 組織専門性, 公式認定, 企業レベル, 認定プログラム","Claude Code企業認定プログラムで組織の専門性を公式認定。企業レベルでの活用成熟度を証明し、市場での競争優位性を確立します。【研修プラットフォームでの企業認定取得】","組織全体の活用成熟度評価と企業レベルでの公式認定の取得プログラム"
trainer-certification-system,certification-programs,トレーナー認定制度,contents/training-certification/certification-programs/trainer-certification-system.md,教育者,"トレーナー認定制度で指導者としての資格を取得し、研修プラットフォームでの認定トレーナーとして活動する",not_started,pages,"Claude Codeトレーナー認定制度 | 指導者資格の取得","トレーナー認定, 指導者資格, 認定制度, 教育専門性, トレーナー養成","Claude Codeトレーナー認定制度で指導者としての資格を取得。教育専門性を証明し、認定トレーナーとして研修指導の道を開きます。【研修プラットフォームでのトレーナー認定】","指導技術と専門知識の両面評価による認定トレーナー資格の取得プログラム"
continuing-education-programs,certification-programs,継続教育プログラム,contents/training-certification/certification-programs/continuing-education-programs.md,実践者,"継続教育プログラムで最新スキルを維持し、研修プラットフォームでの継続的な専門性向上を実現する",not_started,pages,"Claude Code継続教育プログラム | 最新スキルの継続的習得","継続教育, 最新スキル, 専門性向上, 継続学習, スキル維持","Claude Code継続教育プログラムで最新スキルを継続的に習得。急速に進化する技術に対応し、専門性を常に最新レベルに維持します。【研修プラットフォームでの継続学習】","最新機能と技術動向に対応した継続的なスキル更新プログラム"
workshops-events,training-certification,ワークショップ・イベント,contents/training-certification/workshops-events/workshops-events.md,実践者,"ワークショップ・イベントで実践的な学習機会を提供し、研修プラットフォームでのコミュニティ学習を促進する",not_started,pages,"Claude Codeワークショップ・イベント | 実践的コミュニティ学習","ワークショップ, イベント, 実践学習, コミュニティ, 交流学習","Claude Codeワークショップ・イベントで実践的なコミュニティ学習を体験。専門家や同業者との交流を通じて、実践的なスキルと人的ネットワークを同時に構築します。",不要
regular-webinars,workshops-events,定期ウェビナー,contents/training-certification/workshops-events/regular-webinars.md,実践者,"定期ウェビナーで最新情報と実践的な学習を継続的に提供し、研修プラットフォームでの学習継続を支援する",not_started,pages,"Claude Code定期ウェビナー | 継続的学習と最新情報","定期ウェビナー, 継続学習, 最新情報, オンライン学習, 専門性維持","Claude Code定期ウェビナーで継続的な学習と最新情報を入手。専門家による定期的な解説で、常に最新の知識と実践的なスキルを維持できます。【研修プラットフォームでの定期参加推奨】","月次開催の最新機能解説と実践的活用法の継続的学習プログラム"
hands-on-workshops,workshops-events,ハンズオンワークショップ,contents/training-certification/workshops-events/hands-on-workshops.md,実践者,"ハンズオンワークショップで実践的なスキルを習得し、研修プラットフォームでの体験型学習を通じて確実な技能向上を実現する",not_started,pages,"Claude Codeハンズオンワークショップ | 実践技能の確実習得","ハンズオン, 実践技能, 体験学習, スキル習得, 実技研修","Claude Codeハンズオンワークショップで実践技能を確実に習得。実際のプロジェクトを想定した演習で、即戦力となるスキルを体験型学習で身につけます。【研修プラットフォームでの実技研修】","実際のプロジェクト課題を使用した実践的なハンズオン技能習得プログラム"
user-conference,workshops-events,ユーザーカンファレンス,contents/training-certification/workshops-events/user-conference.md,実践者,"ユーザーカンファレンスで最新動向と事例を学び、研修プラットフォームでのコミュニティ参加を通じて専門性を向上させる",not_started,pages,"Claude Codeユーザーカンファレンス | 最新動向とコミュニティ交流","ユーザーカンファレンス, 最新動向, 事例共有, コミュニティ, 専門性向上","Claude Codeユーザーカンファレンスで最新動向と成功事例を学習。業界トップクラスの専門家と参加者との交流で、専門性と人的ネットワークを大幅に拡大できます。【研修プラットフォームでのコミュニティ参加】","業界専門家による最新動向解説と参加者間での成功事例共有プログラム"
technical-seminars,workshops-events,技術セミナー,contents/training-certification/workshops-events/technical-seminars.md,実践者,"技術セミナーで専門的な知識を深め、研修プラットフォームでの高度な学習を通じて技術的専門性を向上させる",not_started,pages,"Claude Code技術セミナー | 高度な技術的専門性の習得","技術セミナー, 専門知識, 高度学習, 技術専門性, 深度学習","Claude Code技術セミナーで高度な技術的専門性を習得。最新の技術動向から実装技法まで、専門家による深度ある解説で技術的理解を大幅に向上させます。【研修プラットフォームでの専門技術学習】","最新技術動向と高度な実装技法に特化した専門家による深度学習プログラム"
resources-support,,リソース・サポート,contents/resources-support/resources-support.md,実践者,"Claude Code活用を継続的に支援するリソースとサポート体制を提供し、長期的な成功を実現する",not_started,pages,"Claude Codeリソース・サポート | 継続的成功支援の総合案内","リソース, サポート, 継続支援, 長期成功, 総合案内","Claude Code活用の継続的成功を支援する包括的なリソースとサポート体制。API仕様からコミュニティまで、あらゆる場面での支援体制を網羅的に提供します。",不要
api-function-reference,resources-support,API/機能リファレンス,contents/resources-support/api-function-reference/api-function-reference.md,実践者,"API/機能リファレンスで正確な技術情報を提供し、効率的な開発と問題解決を支援する",not_started,pages,"Claude Code API/機能リファレンス | 正確な技術情報の提供","APIリファレンス, 機能仕様, 技術情報, 開発支援, 仕様書","Claude Code API/機能リファレンスで正確な技術情報を提供。詳細な仕様書と実装例で、効率的な開発と確実な問題解決を支援する包括的な技術文書です。",不要
command-reference,api-function-reference,コマンドリファレンス,contents/resources-support/api-function-reference/command-reference.md,実践者,"コマンドリファレンスで全コマンドの詳細仕様を提供し、効率的なClaude Code活用を支援する",not_started,pages,"Claude Codeコマンドリファレンス | 全コマンド詳細仕様","コマンドリファレンス, 仕様書, コマンド一覧, 使用法, 実装ガイド","Claude Codeコマンドリファレンスで全コマンドの詳細仕様を網羅。各コマンドの使用法から実装例まで、効率的な活用を支援する完全な仕様書です。","全コマンドの詳細仕様と実践的な使用例を含む包括的なリファレンス確認"
mcp-api-documentation,api-function-reference,MCP APIドキュメント,contents/resources-support/api-function-reference/mcp-api-documentation.md,実践者,"MCP APIドキュメントで統合開発に必要な技術仕様を提供し、高度なシステム連携を支援する",not_started,pages,"Claude Code MCP APIドキュメント | 統合開発技術仕様","MCP API, 統合開発, 技術仕様, システム連携, API文書","Claude Code MCP APIドキュメントで統合開発の技術仕様を詳細解説。プロトコル仕様から実装例まで、高度なシステム連携を実現する包括的なAPI文書です。","MCP APIの詳細仕様と実装パターンを含む統合開発ガイドの確認"
config-file-reference,api-function-reference,設定ファイルリファレンス,contents/resources-support/api-function-reference/config-file-reference.md,実践者,"設定ファイルリファレンスで最適な環境構築を支援し、効率的なClaude Code運用を実現する",not_started,pages,"Claude Code設定ファイルリファレンス | 最適環境構築ガイド","設定ファイル, 環境構築, 設定仕様, 最適化, 運用ガイド","Claude Code設定ファイルリファレンスで最適な環境構築を実現。設定項目の詳細から最適化手法まで、効率的な運用を支援する包括的な設定ガイドです。","全設定項目の詳細仕様と最適化設定例を含む環境構築ガイドの確認"
prompt-template-collection,api-function-reference,プロンプトテンプレート集,contents/resources-support/api-function-reference/prompt-template-collection.md,実践者,"プロンプトテンプレート集で効果的なプロンプト活用を支援し、即戦力となるプロンプトライブラリを提供する",not_started,pages,"Claude Codeプロンプトテンプレート集 | 即戦力プロンプトライブラリ","プロンプトテンプレート, 効果的活用, ライブラリ, 即戦力, テンプレート集","Claude Codeプロンプトテンプレート集で効果的なプロンプト活用を実現。業務シーン別のテンプレートから高度な活用例まで、即戦力となるプロンプトライブラリを提供します。","業務シーン別の効果的なプロンプトテンプレートと活用例の確認"
faq-common-questions,resources-support,FAQ・よくある質問,contents/resources-support/faq-common-questions/faq-common-questions.md,初学者,"FAQ・よくある質問で迅速な問題解決を支援し、Claude Code利用時の疑問を効率的に解消する",not_started,pages,"Claude Code FAQ・よくある質問 | 迅速問題解決ガイド","FAQ, よくある質問, 問題解決, 疑問解消, Q&A","Claude Code FAQ・よくある質問で迅速な問題解決を実現。利用者からの頻出質問と詳細な回答で、Claude Code利用時の疑問を効率的に解消する包括的なQ&Aです。",不要
installation-setup-faq,faq-common-questions,インストール・設定関連,contents/resources-support/faq-common-questions/installation-setup-faq.md,初学者,"インストール・設定関連のFAQで導入時の問題を迅速に解決し、スムーズなClaude Code利用開始を支援する",not_started,pages,"Claude Codeインストール・設定FAQ | 導入問題の迅速解決","インストールFAQ, 設定FAQ, 導入問題, 迅速解決, セットアップ支援","Claude Codeインストール・設定関連のFAQで導入時の問題を迅速解決。OS別の課題から環境設定まで、スムーズな導入を支援する実践的なQ&A集です。","インストールから初期設定までの典型的な問題と解決法の確認"
basic-operation-faq,faq-common-questions,基本操作関連,contents/resources-support/faq-common-questions/basic-operation-faq.md,初学者,"基本操作関連のFAQで操作時の疑問を迅速に解決し、効率的なClaude Code活用を支援する",not_started,pages,"Claude Code基本操作FAQ | 操作疑問の迅速解決","基本操作FAQ, 操作疑問, 迅速解決, 効率活用, 操作ガイド","Claude Code基本操作関連のFAQで操作時の疑問を迅速解決。コマンド使用法から効率的な操作まで、日常利用での疑問を解消する実践的なQ&A集です。","基本コマンドから効率的な操作方法まで頻出質問と解決法の確認"
troubleshooting-faq,faq-common-questions,トラブルシューティング,contents/resources-support/faq-common-questions/troubleshooting-faq.md,実践者,"トラブルシューティングFAQで問題を迅速に診断・解決し、安定したClaude Code運用を支援する",not_started,pages,"Claude Codeトラブルシューティング FAQ | 問題診断・解決ガイド","トラブルFAQ, 問題診断, 迅速解決, 安定運用, 障害対応","Claude Codeトラブルシューティング FAQで問題を迅速に診断・解決。エラー対応から性能問題まで、安定した運用を支援する包括的な問題解決ガイドです。","典型的なトラブル事例と段階的な診断・解決手順の確認"
enterprise-faq,faq-common-questions,エンタープライズ関連,contents/resources-support/faq-common-questions/enterprise-faq.md,意思決定者,"エンタープライズ関連FAQで企業導入の疑問を解決し、組織レベルでのClaude Code活用を支援する",not_started,pages,"Claude Codeエンタープライズ FAQ | 企業導入疑問解決","エンタープライズFAQ, 企業導入, 組織活用, 導入疑問, 企業支援","Claude Codeエンタープライズ関連FAQで企業導入の疑問を解決。セキュリティから大規模展開まで、組織レベルでの活用を支援する企業向けQ&A集です。","企業導入から大規模運用まで組織特有の課題と解決策の確認"
license-pricing-faq,faq-common-questions,ライセンス・料金関連,contents/resources-support/faq-common-questions/license-pricing-faq.md,意思決定者,"ライセンス・料金関連FAQで契約時の疑問を解決し、適切なClaude Code導入判断を支援する",not_started,pages,"Claude Codeライセンス・料金 FAQ | 契約判断支援ガイド","ライセンスFAQ, 料金FAQ, 契約疑問, 導入判断, 料金体系","Claude Codeライセンス・料金関連FAQで契約時の疑問を解決。料金体系から利用制限まで、適切な導入判断を支援する契約関連Q&A集です。","ライセンス体系から料金プランまで契約関連の詳細情報と判断基準の確認"
community-forum,resources-support,コミュニティフォーラム,contents/resources-support/community-forum/community-forum.md,実践者,"コミュニティフォーラムで利用者同士の情報交換を促進し、集合知による問題解決とスキル向上を支援する",not_started,pages,"Claude Codeコミュニティフォーラム | 集合知による学習支援","コミュニティ, フォーラム, 情報交換, 集合知, 学習支援","Claude Codeコミュニティフォーラムで利用者同士の情報交換を促進。質問回答から事例共有まで、集合知による継続的な学習と問題解決を支援するコミュニティプラットフォームです。",不要
qa-forum,community-forum,質問・回答フォーラム,contents/resources-support/community-forum/qa-forum.md,実践者,"質問・回答フォーラムで利用者の疑問を迅速に解決し、コミュニティ全体の知識向上を促進する",not_started,pages,"Claude Code質問・回答フォーラム | コミュニティ知識共有","質問回答, フォーラム, 知識共有, 疑問解決, コミュニティ支援","Claude Code質問・回答フォーラムでコミュニティ全体の知識向上を促進。利用者の疑問に専門家と経験者が回答し、集合知による迅速な問題解決を実現します。","コミュニティによる質問回答システムと知識蓄積の活用確認"
case-sharing-community,community-forum,事例共有コミュニティ,contents/resources-support/community-forum/case-sharing-community.md,実践者,"事例共有コミュニティで成功体験を共有し、ベストプラクティスの蓄積と活用を促進する",not_started,pages,"Claude Code事例共有コミュニティ | ベストプラクティス蓄積","事例共有, コミュニティ, ベストプラクティス, 成功体験, 知識蓄積","Claude Code事例共有コミュニティで成功体験を共有し、ベストプラクティスの蓄積を促進。実際の活用事例から学び、コミュニティ全体のスキル向上を実現します。","成功事例の共有システムとベストプラクティスライブラリの活用確認"
command-sharing-library,community-forum,コマンド共有ライブラリ,contents/resources-support/community-forum/command-sharing-library.md,実践者,"コマンド共有ライブラリで有用なカスタムコマンドを共有し、コミュニティ全体の生産性向上を実現する",not_started,pages,"Claude Codeコマンド共有ライブラリ | コミュニティ生産性向上","コマンド共有, ライブラリ, カスタムコマンド, 生産性向上, コミュニティ資産","Claude Codeコマンド共有ライブラリで有用なカスタムコマンドを共有。コミュニティメンバーが作成した実用的なコマンドを活用し、全体の生産性向上を実現します。","カスタムコマンドの共有システムとコミュニティライブラリの活用確認"
developer-community,community-forum,開発者コミュニティ,contents/resources-support/community-forum/developer-community.md,実践者,"開発者コミュニティで技術的な議論と交流を促進し、高度な活用法と技術革新を推進する",not_started,pages,"Claude Code開発者コミュニティ | 技術革新と高度活用","開発者コミュニティ, 技術議論, 高度活用, 技術革新, 専門交流","Claude Code開発者コミュニティで技術的な議論と交流を促進。高度な活用法から技術革新まで、専門的な知識交換による技術的成長を支援するコミュニティです。","開発者間の技術交流と高度な活用法の議論参加確認"
update-information,resources-support,アップデート情報,contents/resources-support/update-information/update-information.md,実践者,"アップデート情報で最新の機能と改善を継続的に提供し、Claude Code活用の最適化を支援する",not_started,pages,"Claude Codeアップデート情報 | 最新機能と改善の継続提供","アップデート, 最新情報, 機能改善, 継続提供, 最適化支援","Claude Codeアップデート情報で最新の機能と改善を継続的に提供。新機能から性能改善まで、常に最新の状態でClaude Codeを活用するための包括的な情報源です。",不要
release-notes,update-information,リリースノート,contents/resources-support/update-information/release-notes.md,実践者,"リリースノートで詳細な変更内容を提供し、バージョンアップの影響と活用法を明確化する",not_started,pages,"Claude Codeリリースノート | 詳細変更内容と活用法","リリースノート, 変更内容, バージョンアップ, 影響評価, 活用法","Claude Codeリリースノートで詳細な変更内容を提供。新機能から修正内容まで、バージョンアップの影響と効果的な活用法を詳細に解説します。","各バージョンの詳細な変更内容と新機能の活用法確認"
new-feature-explanation,update-information,新機能解説,contents/resources-support/update-information/new-feature-explanation.md,実践者,"新機能解説で最新機能の効果的な活用法を提供し、機能の価値を最大化する支援を行う",not_started,pages,"Claude Code新機能解説 | 最新機能の効果的活用法","新機能解説, 効果的活用, 機能価値, 最大化支援, 活用ガイド","Claude Code新機能解説で最新機能の効果的な活用法を詳細解説。新機能の価値を最大化し、実際の業務での効果的な活用を実現するための包括的なガイドです。","新機能の詳細解説と実際の業務での効果的な活用方法の確認"
important-announcements,update-information,重要なお知らせ,contents/resources-support/update-information/important-announcements.md,実践者,"重要なお知らせで緊急性の高い情報を迅速に伝達し、適切な対応と継続的な利用を支援する",not_started,pages,"Claude Code重要なお知らせ | 緊急情報の迅速伝達","重要なお知らせ, 緊急情報, 迅速伝達, 適切対応, 継続利用","Claude Code重要なお知らせで緊急性の高い情報を迅速に伝達。セキュリティ更新から重要な変更まで、適切な対応による継続的で安全な利用を支援します。","緊急性の高い情報と適切な対応方法の確認"
roadmap,update-information,ロードマップ,contents/resources-support/update-information/roadmap.md,実践者,"ロードマップで将来の開発計画を共有し、長期的な活用戦略の策定を支援する",not_started,pages,"Claude Codeロードマップ | 将来計画と戦略策定支援","ロードマップ, 将来計画, 開発予定, 戦略策定, 長期活用","Claude Codeロードマップで将来の開発計画を共有。予定されている機能追加から技術革新まで、長期的な活用戦略の策定を支援する将来展望ガイドです。","将来の機能開発計画と長期的な活用戦略の策定確認"